Seconds,Volts
0, -4.980709
1.947186E-08, -4.980709
3.894372E-08, -4.980709
5.841558E-08, -4.980709
7.788744E-08, -4.980709
9.73593E-08, -4.980709
1.168312E-07, -4.980709
1.36303E-07, -4.980709
1.557749E-07, -4.980709
1.752467E-07, -4.980709
1.947186E-07, -4.980709
2.141905E-07, -4.980709
2.336623E-07, -4.980709
2.531342E-07, -4.980709
2.726061E-07, -4.980709
2.920779E-07, -4.980709
3.115498E-07, -4.980709
3.310216E-07, -4.980709
3.504935E-07, -4.980709
3.699654E-07, -4.980709
3.894372E-07, -4.980709
4.089091E-07, -4.980709
4.283809E-07, -4.980709
4.478528E-07, -4.980709
4.673246E-07, -4.980709
4.867965E-07, -5.019291
5.062683E-07, -5.019291
5.257402E-07, -5.019291
5.452121E-07, -5.019291
5.646839E-07, -5.019291
5.841558E-07, -5.019291
6.036277E-07, -5.019291
6.230995E-07, -5.019291
6.425714E-07, -5.019291
6.620432E-07, -5.019291
6.815151E-07, -5.019291
7.00987E-07, -5.019291
7.204588E-07, -5.019291
7.399307E-07, -5.019291
7.594026E-07, -5.019291
7.788744E-07, -5.019291
7.983463E-07, -5.019291
8.178181E-07, -5.019291
8.3729E-07, -5.019291
8.567619E-07, -5.019291
8.762337E-07, -5.019291
8.957056E-07, -5.019291
9.151775E-07, -5.019291
9.346493E-07, -5.019291
9.541212E-07, -5.019291
9.73593E-07, -5.019291
9.930649E-07, -5.019291
1.012537E-06, -5.019291
1.032009E-06, -5.019291
1.05148E-06, -5.019291
1.070952E-06, -5.019291
1.090424E-06, -5.019291
1.109896E-06, -5.019291
1.129368E-06, -5.019291
1.14884E-06, -5.019291
1.168312E-06, -5.019291
1.187783E-06, -5.019291
1.207255E-06, -5.019291
1.226727E-06, -5.019291
1.246199E-06, -5.019291
1.265671E-06, -5.019291
1.285143E-06, -5.019291
1.304615E-06, -5.019291
1.324086E-06, -5.019291
1.343558E-06, -5.019291
1.36303E-06, -5.019291
1.382502E-06, -5.019291
1.401974E-06, -5.019291
1.421446E-06, -5.019291
1.440918E-06, -5.019291
1.46039E-06, -5.019291
1.479861E-06, -5.019291
1.499333E-06, -5.019291
1.518805E-06, -5.019291
1.538277E-06, -5.019291
1.557749E-06, -5.019291
1.577221E-06, -5.019291
1.596693E-06, -5.019291
1.616164E-06, -5.019291
1.635636E-06, -5.019291
1.655108E-06, -5.019291
1.67458E-06, -5.019291
1.694052E-06, -5.019291
1.713524E-06, -5.019291
1.732996E-06, -5.019291
1.752467E-06, -5.019291
1.771939E-06, -5.019291
1.791411E-06, -5.019291
1.810883E-06, -5.019291
1.830355E-06, -5.019291
1.849827E-06, -5.019291
1.869299E-06, -5.019291
1.88877E-06, -5.019291
1.908242E-06, -5.019291
1.927714E-06, -5.019291
1.947186E-06, -5.019291
1.966658E-06, -5.019291
1.98613E-06, -5.019291
2.005602E-06, -5.019291
2.025073E-06, -5.019291
2.044545E-06, -5.019291
2.064017E-06, -5.019291
2.083489E-06, -5.019291
2.102961E-06, -5.019291
2.122433E-06, -5.019291
2.141905E-06, -5.019291
2.161376E-06, -5.019291
2.180848E-06, -5.019291
2.20032E-06, -5.019291
2.219792E-06, -5.019291
2.239264E-06, -5.019291
2.258736E-06, -5.019291
2.278208E-06, -5.019291
2.29768E-06, -5.019291
2.317151E-06, -5.019291
2.336623E-06, -5.019291
2.356095E-06, -5.019291
2.375567E-06, -5.019291
2.395039E-06, -5.019291
2.414511E-06, -4.980709
2.433983E-06, -4.980709
2.453454E-06, -4.980709
2.472926E-06, -4.980709
2.492398E-06, -4.980709
2.51187E-06, -4.980709
2.531342E-06, -4.980709
2.550814E-06, -4.980709
2.570286E-06, -4.980709
2.589758E-06, -4.980709
2.609229E-06, -4.980709
2.628701E-06, -4.980709
2.648173E-06, -4.980709
2.667645E-06, -4.980709
2.687117E-06, -4.980709
2.706589E-06, -4.980709
2.726061E-06, -4.980709
2.745532E-06, -4.980709
2.765004E-06, -4.980709
2.784476E-06, -4.980709
2.803948E-06, -4.980709
2.82342E-06, -4.980709
2.842892E-06, -4.980709
2.862364E-06, -4.980709
2.881835E-06, -5.019291
2.901307E-06, -5.019291
2.920779E-06, -5.019291
2.940251E-06, -5.019291
2.959723E-06, -5.019291
2.979195E-06, -5.019291
2.998667E-06, -5.019291
3.018138E-06, -5.019291
3.03761E-06, -5.019291
3.057082E-06, -5.019291
3.076554E-06, -5.019291
3.096026E-06, -5.019291
3.115498E-06, -5.019291
3.13497E-06, -5.019291
3.154441E-06, -5.019291
3.173913E-06, -5.019291
3.193385E-06, -5.019291
3.212857E-06, -5.019291
3.232329E-06, -5.019291
3.251801E-06, -5.019291
3.271273E-06, -5.019291
3.290744E-06, -5.019291
3.310216E-06, -5.019291
3.329688E-06, -5.019291
3.34916E-06, -5.019291
3.368632E-06, -5.019291
3.388104E-06, -5.019291
3.407576E-06, -5.019291
3.427047E-06, -5.019291
3.446519E-06, -5.019291
3.465991E-06, -5.019291
3.485463E-06, -5.019291
3.504935E-06, -5.019291
3.524407E-06, -5.019291
3.543879E-06, -5.019291
3.56335E-06, -5.019291
3.582822E-06, -5.019291
3.602294E-06, -5.019291
3.621766E-06, -5.019291
3.641238E-06, -5.019291
3.66071E-06, -5.019291
3.680182E-06, -5.019291
3.699653E-06, -5.019291
3.719125E-06, -5.019291
3.738597E-06, -5.019291
3.758069E-06, -5.019291
3.777541E-06, -5.019291
3.797013E-06, -5.019291
3.816485E-06, -5.019291
3.835957E-06, -5.019291
3.855429E-06, -5.019291
3.8749E-06, -5.019291
3.894372E-06, -5.019291
3.913844E-06, -5.019291
3.933316E-06, -5.019291
3.952788E-06, -5.019291
3.972259E-06, -5.019291
3.991731E-06, -5.019291
4.011203E-06, -5.019291
4.030675E-06, -5.019291
4.050147E-06, -5.019291
4.069619E-06, -5.019291
4.089091E-06, -5.019291
4.108563E-06, -5.019291
4.128035E-06, -5.019291
4.147506E-06, -5.019291
4.166978E-06, -5.019291
4.18645E-06, -5.019291
4.205922E-06, -5.019291
4.225394E-06, -5.019291
4.244866E-06, -5.019291
4.264337E-06, -5.019291
4.283809E-06, -5.019291
4.303281E-06, -5.019291
4.322753E-06, -5.019291
4.342225E-06, -5.019291
4.361697E-06, -5.019291
4.381169E-06, -5.019291
4.400641E-06, -5.019291
4.420112E-06, -5.019291
4.439584E-06, -5.019291
4.459056E-06, -5.019291
4.478528E-06, -5.019291
4.498E-06, -5.019291
4.517472E-06, -5.019291
4.536943E-06, -5.019291
4.556415E-06, -5.019291
4.575887E-06, -5.019291
4.595359E-06, -5.019291
4.614831E-06, -5.019291
4.634303E-06, -5.019291
4.653775E-06, -5.019291
4.673247E-06, -5.019291
4.692718E-06, -5.019291
4.71219E-06, -5.019291
4.731662E-06, -5.019291
4.751134E-06, -5.019291
4.770606E-06, -5.019291
4.790078E-06, -5.019291
4.809549E-06, -4.980709
4.829021E-06, -4.980709
4.848493E-06, -4.980709
4.867965E-06, -4.980709
4.887437E-06, -4.980709
4.906909E-06, -4.980709
4.926381E-06, -4.980709
4.945853E-06, -4.980709
4.965324E-06, -4.980709
4.984796E-06, -4.980709
5.004268E-06, -4.980709
5.02374E-06, -4.980709
5.043212E-06, -4.980709
5.062684E-06, -4.980709
5.082155E-06, -4.980709
5.101627E-06, -4.980709
5.1211E-06, -4.980709
5.140571E-06, -4.980709
5.160043E-06, -4.980709
5.179515E-06, -4.980709
5.198987E-06, -4.980709
5.218459E-06, -4.980709
5.237931E-06, -4.980709
5.257402E-06, -4.980709
5.276874E-06, -5.019291
5.296346E-06, -5.019291
5.315818E-06, -5.019291
5.33529E-06, -5.019291
5.354761E-06, -5.019291
5.374233E-06, -5.019291
5.393706E-06, -5.019291
5.413177E-06, -5.019291
5.432649E-06, -5.019291
5.452121E-06, -5.019291
5.471593E-06, -5.019291
5.491065E-06, -5.019291
5.510537E-06, -5.019291
5.530008E-06, -5.019291
5.54948E-06, -5.019291
5.568952E-06, -5.019291
5.588424E-06, -5.019291
5.607896E-06, -5.019291
5.627367E-06, -5.019291
5.64684E-06, -5.019291
5.666312E-06, -5.019291
5.685783E-06, -5.019291
5.705255E-06, -5.019291
5.724727E-06, -5.019291
5.744199E-06, -5.019291
5.763671E-06, -5.019291
5.783143E-06, -5.019291
5.802614E-06, -5.019291
5.822086E-06, -5.019291
5.841558E-06, -5.019291
5.86103E-06, -5.019291
5.880502E-06, -5.019291
5.899974E-06, -5.019291
5.919446E-06, -5.019291
5.938918E-06, -5.019291
5.958389E-06, -5.019291
5.977861E-06, -5.019291
5.997333E-06, -5.019291
6.016805E-06, -5.019291
6.036277E-06, -5.019291
6.055749E-06, -5.019291
6.07522E-06, -5.019291
6.094692E-06, -5.019291
6.114164E-06, -5.019291
6.133636E-06, -5.019291
6.153108E-06, -5.019291
6.17258E-06, -5.019291
6.192052E-06, -5.019291
6.211524E-06, -5.019291
6.230995E-06, -5.019291
6.250467E-06, -5.019291
6.269939E-06, -5.019291
6.289411E-06, -5.019291
6.308883E-06, -5.019291
6.328355E-06, -5.019291
6.347826E-06, -5.019291
6.367298E-06, -5.019291
6.38677E-06, -5.019291
6.406242E-06, -5.019291
6.425714E-06, -5.019291
6.445186E-06, -5.019291
6.464658E-06, -5.019291
6.48413E-06, -5.019291
6.503602E-06, -5.019291
6.523073E-06, -5.019291
6.542545E-06, -5.019291
6.562017E-06, -5.019291
6.581489E-06, -5.019291
6.600961E-06, -5.019291
6.620432E-06, -5.019291
6.639904E-06, -5.019291
6.659376E-06, -5.019291
6.678848E-06, -5.019291
6.69832E-06, -5.019291
6.717792E-06, -5.019291
6.737264E-06, -5.019291
6.756736E-06, -5.019291
6.776208E-06, -5.019291
6.795679E-06, -5.019291
6.815151E-06, -5.019291
6.834623E-06, -5.019291
6.854095E-06, -5.019291
6.873567E-06, -5.019291
6.893039E-06, -5.019291
6.91251E-06, -5.019291
6.931982E-06, -5.019291
6.951454E-06, -5.019291
6.970926E-06, -5.019291
6.990398E-06, -5.019291
7.00987E-06, -5.019291
7.029342E-06, -5.019291
7.048814E-06, -5.019291
7.068285E-06, -5.019291
7.087757E-06, -5.019291
7.107229E-06, -5.019291
7.126701E-06, -5.019291
7.146173E-06, -5.019291
7.165645E-06, -5.019291
7.185116E-06, -5.019291
7.204588E-06, -4.980709
7.22406E-06, -4.980709
7.243532E-06, -4.980709
7.263004E-06, -4.980709
7.282476E-06, -4.980709
7.301948E-06, -4.980709
7.32142E-06, -4.980709
7.340891E-06, -4.980709
7.360363E-06, -4.980709
7.379835E-06, -4.980709
7.399307E-06, -4.980709
7.418779E-06, -4.980709
7.438251E-06, -4.980709
7.457722E-06, -4.980709
7.477194E-06, -4.980709
7.496667E-06, -4.980709
7.516138E-06, -4.980709
7.53561E-06, -4.980709
7.555082E-06, -4.980709
7.574554E-06, -4.980709
7.594026E-06, -4.980709
7.613497E-06, -4.980709
7.63297E-06, -4.980709
7.652441E-06, -4.980709
7.671913E-06, -5.019291
7.691385E-06, -5.019291
7.710857E-06, -5.019291
7.730328E-06, -5.019291
7.749801E-06, -5.019291
7.769272E-06, -5.019291
7.788744E-06, -5.019291
7.808216E-06, -5.019291
7.827688E-06, -5.019291
7.847159E-06, -5.019291
7.866632E-06, -5.019291
7.886104E-06, -5.019291
7.905575E-06, -5.019291
7.925048E-06, -5.019291
7.944519E-06, -5.019291
7.963991E-06, -5.019291
7.983463E-06, -5.019291
8.002935E-06, -5.019291
8.022406E-06, -5.019291
8.041879E-06, -5.019291
8.06135E-06, -5.019291
8.080822E-06, -5.019291
8.100294E-06, -5.019291
8.119766E-06, -5.019291
8.139238E-06, -5.019291
8.15871E-06, -5.019291
8.178182E-06, -5.019291
8.197653E-06, -5.019291
8.217125E-06, -5.019291
8.236597E-06, -5.019291
8.256069E-06, -5.019291
8.27554E-06, -5.019291
8.295013E-06, -5.019291
8.314484E-06, -5.019291
8.333956E-06, -5.019291
8.353428E-06, -5.019291
8.3729E-06, -5.019291
8.392371E-06, -5.019291
8.411844E-06, -5.019291
8.431316E-06, -5.019291
8.450787E-06, -5.019291
8.47026E-06, -5.019291
8.489731E-06, -5.019291
8.509203E-06, -5.019291
8.528675E-06, -5.019291
8.548147E-06, -5.019291
8.567618E-06, -5.019291
8.587091E-06, -5.019291
8.606562E-06, -5.019291
8.626034E-06, -5.019291
8.645506E-06, -5.019291
8.664978E-06, -5.019291
8.68445E-06, -5.019291
8.703922E-06, -5.019291
8.723394E-06, -5.019291
8.742865E-06, -5.019291
8.762338E-06, -5.019291
8.781809E-06, -5.019291
8.801281E-06, -5.019291
8.820753E-06, -5.019291
8.840225E-06, -5.019291
8.859696E-06, -5.019291
8.879168E-06, -5.019291
8.89864E-06, -5.019291
8.918112E-06, -5.019291
8.937584E-06, -5.019291
8.957056E-06, -5.019291
8.976528E-06, -5.019291
8.995999E-06, -5.019291
9.015472E-06, -5.019291
9.034943E-06, -5.019291
9.054415E-06, -5.019291
9.073887E-06, -5.019291
9.093359E-06, -5.019291
9.11283E-06, -5.019291
9.132303E-06, -5.019291
9.151774E-06, -5.019291
9.171246E-06, -5.019291
9.190719E-06, -5.019291
9.21019E-06, -5.019291
9.229662E-06, -5.019291
9.249134E-06, -5.019291
9.268606E-06, -5.019291
9.288077E-06, -5.019291
9.30755E-06, -5.019291
9.327021E-06, -5.019291
9.346493E-06, -5.019291
9.365965E-06, -5.019291
9.385437E-06, -5.019291
9.404908E-06, -5.019291
9.424381E-06, -5.019291
9.443852E-06, -5.019291
9.463324E-06, -5.019291
9.482796E-06, -5.019291
9.502268E-06, -5.019291
9.52174E-06, -5.019291
9.541212E-06, -5.019291
9.560684E-06, -5.019291
9.580155E-06, -5.019291
9.599627E-06, -4.980709
9.619099E-06, -4.980709
9.638571E-06, -4.980709
9.658042E-06, -4.980709
9.677515E-06, -4.980709
9.696986E-06, -4.980709
9.716458E-06, -4.980709
9.735931E-06, -4.980709
9.755402E-06, -4.980709
9.774874E-06, -4.980709
9.794346E-06, -4.980709
9.813818E-06, -4.980709
9.833289E-06, -4.980709
9.852762E-06, -4.980709
9.872233E-06, -4.980709
9.891705E-06, -4.980709
9.911177E-06, -4.980709
9.930649E-06, -4.980709
9.95012E-06, -4.980709
9.969593E-06, -4.980709
9.989065E-06, -4.980709
1.000854E-05, -4.980709
1.002801E-05, -4.980709
1.004748E-05, -4.980709
1.006695E-05, -5.019291
1.008642E-05, -5.019291
1.01059E-05, -5.019291
1.012537E-05, -5.019291
1.014484E-05, -5.019291
1.016431E-05, -5.019291
1.018378E-05, -5.019291
1.020325E-05, -5.019291
1.022273E-05, -5.019291
1.02422E-05, -5.019291
1.026167E-05, -5.019291
1.028114E-05, -5.019291
1.030061E-05, -5.019291
1.032009E-05, -5.019291
1.033956E-05, -5.019291
1.035903E-05, -5.019291
1.03785E-05, -5.019291
1.039797E-05, -5.019291
1.041745E-05, -5.019291
1.043692E-05, -5.019291
1.045639E-05, -5.019291
1.047586E-05, -5.019291
1.049533E-05, -5.019291
1.05148E-05, -5.019291
1.053428E-05, -5.019291
1.055375E-05, -5.019291
1.057322E-05, -5.019291
1.059269E-05, -5.019291
1.061216E-05, -5.019291
1.063164E-05, -5.019291
1.065111E-05, -5.019291
1.067058E-05, -5.019291
1.069005E-05, -5.019291
1.070952E-05, -5.019291
1.0729E-05, -5.019291
1.074847E-05, -5.019291
1.076794E-05, -5.019291
1.078741E-05, -5.019291
1.080688E-05, -5.019291
1.082635E-05, -5.019291
1.084583E-05, -5.019291
1.08653E-05, -5.019291
1.088477E-05, -5.019291
1.090424E-05, -5.019291
1.092371E-05, -5.019291
1.094319E-05, -5.019291
1.096266E-05, -5.019291
1.098213E-05, -5.019291
1.10016E-05, -5.019291
1.102107E-05, -5.019291
1.104055E-05, -5.019291
1.106002E-05, -5.019291
1.107949E-05, -5.019291
1.109896E-05, -5.019291
1.111843E-05, -5.019291
1.11379E-05, -5.019291
1.115738E-05, -5.019291
1.117685E-05, -5.019291
1.119632E-05, -5.019291
1.121579E-05, -5.019291
1.123526E-05, -5.019291
1.125473E-05, -5.019291
1.127421E-05, -5.019291
1.129368E-05, -5.019291
1.131315E-05, -5.019291
1.133262E-05, -5.019291
1.135209E-05, -5.019291
1.137157E-05, -5.019291
1.139104E-05, -5.019291
1.141051E-05, -5.019291
1.142998E-05, -5.019291
1.144945E-05, -5.019291
1.146893E-05, -5.019291
1.14884E-05, -5.019291
1.150787E-05, -5.019291
1.152734E-05, -5.019291
1.154681E-05, -5.019291
1.156629E-05, -5.019291
1.158576E-05, -5.019291
1.160523E-05, -5.019291
1.16247E-05, -5.019291
1.164417E-05, -5.019291
1.166364E-05, -5.019291
1.168312E-05, -5.019291
1.170259E-05, -5.019291
1.172206E-05, -5.019291
1.174153E-05, -5.019291
1.1761E-05, -5.019291
1.178048E-05, -5.019291
1.179995E-05, -5.019291
1.181942E-05, -5.019291
1.183889E-05, -5.019291
1.185836E-05, -5.019291
1.187784E-05, -5.019291
1.189731E-05, -5.019291
1.191678E-05, -5.019291
1.193625E-05, -5.019291
1.195572E-05, -5.019291
1.197519E-05, -5.019291
1.199467E-05, -4.980709
1.201414E-05, -4.980709
1.203361E-05, -4.980709
1.205308E-05, -4.980709
1.207255E-05, -4.980709
1.209203E-05, -4.980709
1.21115E-05, -4.980709
1.213097E-05, -4.980709
1.215044E-05, -4.980709
1.216991E-05, -4.980709
1.218938E-05, -4.980709
1.220886E-05, -4.980709
1.222833E-05, -4.980709
1.22478E-05, -4.980709
1.226727E-05, -4.980709
1.228674E-05, -4.980709
1.230622E-05, -4.980709
1.232569E-05, -4.980709
1.234516E-05, -4.980709
1.236463E-05, -4.980709
1.23841E-05, -4.980709
1.240358E-05, -4.980709
1.242305E-05, -4.980709
1.244252E-05, -4.980709
1.246199E-05, -5.019291
1.248146E-05, -5.019291
1.250093E-05, -5.019291
1.252041E-05, -5.019291
1.253988E-05, -5.019291
1.255935E-05, -5.019291
1.257882E-05, -5.019291
1.259829E-05, -5.019291
1.261777E-05, -5.019291
1.263724E-05, -5.019291
1.265671E-05, -5.019291
1.267618E-05, -5.019291
1.269565E-05, -5.019291
1.271513E-05, -5.019291
1.27346E-05, -5.019291
1.275407E-05, -5.019291
1.277354E-05, -5.019291
1.279301E-05, -5.019291
1.281248E-05, -5.019291
1.283196E-05, -5.019291
1.285143E-05, -5.019291
1.28709E-05, -5.019291
1.289037E-05, -5.019291
1.290984E-05, -5.019291
1.292932E-05, -5.019291
1.294879E-05, -5.019291
1.296826E-05, -5.019291
1.298773E-05, -5.019291
1.30072E-05, -5.019291
1.302667E-05, -5.019291
1.304615E-05, -5.019291
1.306562E-05, -5.019291
1.308509E-05, -5.019291
1.310456E-05, -5.019291
1.312403E-05, -5.019291
1.314351E-05, -5.019291
1.316298E-05, -5.019291
1.318245E-05, -5.019291
1.320192E-05, -5.019291
1.322139E-05, -5.019291
1.324086E-05, -5.019291
1.326034E-05, -5.019291
1.327981E-05, -5.019291
1.329928E-05, -5.019291
1.331875E-05, -5.019291
1.333822E-05, -5.019291
1.33577E-05, -5.019291
1.337717E-05, -5.019291
1.339664E-05, -5.019291
1.341611E-05, -5.019291
1.343558E-05, -5.019291
1.345506E-05, -5.019291
1.347453E-05, -5.019291
1.3494E-05, -5.019291
1.351347E-05, -5.019291
1.353294E-05, -5.019291
1.355242E-05, -5.019291
1.357189E-05, -5.019291
1.359136E-05, -5.019291
1.361083E-05, -5.019291
1.36303E-05, -5.019291
1.364977E-05, -5.019291
1.366925E-05, -5.019291
1.368872E-05, -5.019291
1.370819E-05, -5.019291
1.372766E-05, -5.019291
1.374713E-05, -5.019291
1.376661E-05, -5.019291
1.378608E-05, -5.019291
1.380555E-05, -5.019291
1.382502E-05, -5.019291
1.384449E-05, -5.019291
1.386396E-05, -5.019291
1.388344E-05, -5.019291
1.390291E-05, -5.019291
1.392238E-05, -5.019291
1.394185E-05, -5.019291
1.396132E-05, -5.019291
1.39808E-05, -5.019291
1.400027E-05, -5.019291
1.401974E-05, -5.019291
1.403921E-05, -5.019291
1.405868E-05, -5.019291
1.407815E-05, -5.019291
1.409763E-05, -5.019291
1.41171E-05, -5.019291
1.413657E-05, -5.019291
1.415604E-05, -5.019291
1.417551E-05, -5.019291
1.419499E-05, -5.019291
1.421446E-05, -5.019291
1.423393E-05, -5.019291
1.42534E-05, -5.019291
1.427287E-05, -5.019291
1.429235E-05, -5.019291
1.431182E-05, -5.019291
1.433129E-05, -5.019291
1.435076E-05, -5.019291
1.437023E-05, -5.019291
1.438971E-05, -4.980709
1.440918E-05, -4.980709
1.442865E-05, -4.980709
1.444812E-05, -4.980709
1.446759E-05, -4.980709
1.448706E-05, -4.980709
1.450654E-05, -4.980709
1.452601E-05, -4.980709
1.454548E-05, -4.980709
1.456495E-05, -4.980709
1.458442E-05, -4.980709
1.46039E-05, -4.980709
1.462337E-05, -4.980709
1.464284E-05, -4.980709
1.466231E-05, -4.980709
1.468178E-05, -4.980709
1.470126E-05, -4.980709
1.472073E-05, -4.980709
1.47402E-05, -4.980709
1.475967E-05, -4.980709
1.477914E-05, -4.980709
1.479861E-05, -4.980709
1.481809E-05, -4.980709
1.483756E-05, -4.980709
1.485703E-05, -5.019291
1.48765E-05, -5.019291
1.489597E-05, -5.019291
1.491544E-05, -5.019291
1.493492E-05, -5.019291
1.495439E-05, -5.019291
1.497386E-05, -5.019291
1.499333E-05, -5.019291
1.50128E-05, -5.019291
1.503228E-05, -5.019291
1.505175E-05, -5.019291
1.507122E-05, -5.019291
1.509069E-05, -5.019291
1.511016E-05, -5.019291
1.512964E-05, -5.019291
1.514911E-05, -5.019291
1.516858E-05, -5.019291
1.518805E-05, -5.019291
1.520752E-05, -5.019291
1.522699E-05, -5.019291
1.524647E-05, -5.019291
1.526594E-05, -5.019291
1.528541E-05, -5.019291
1.530488E-05, -5.019291
1.532435E-05, -5.019291
1.534383E-05, -5.019291
1.53633E-05, -5.019291
1.538277E-05, -5.019291
1.540224E-05, -5.019291
1.542171E-05, -5.019291
1.544118E-05, -5.019291
1.546066E-05, -5.019291
1.548013E-05, -5.019291
1.54996E-05, -5.019291
1.551907E-05, -5.019291
1.553854E-05, -5.019291
1.555802E-05, -5.019291
1.557749E-05, -5.019291
1.559696E-05, -5.019291
1.561643E-05, -5.019291
1.56359E-05, -5.019291
1.565538E-05, -5.019291
1.567485E-05, -5.019291
1.569432E-05, -5.019291
1.571379E-05, -5.019291
1.573326E-05, -5.019291
1.575274E-05, -5.019291
1.577221E-05, -5.019291
1.579168E-05, -5.019291
1.581115E-05, -5.019291
1.583062E-05, -5.019291
1.58501E-05, -5.019291
1.586957E-05, -5.019291
1.588904E-05, -5.019291
1.590851E-05, -5.019291
1.592798E-05, -5.019291
1.594745E-05, -5.019291
1.596693E-05, -5.019291
1.59864E-05, -5.019291
1.600587E-05, -5.019291
1.602534E-05, -5.019291
1.604481E-05, -5.019291
1.606428E-05, -5.019291
1.608376E-05, -5.019291
1.610323E-05, -5.019291
1.61227E-05, -5.019291
1.614217E-05, -5.019291
1.616164E-05, -5.019291
1.618112E-05, -5.019291
1.620059E-05, -5.019291
1.622006E-05, -5.019291
1.623953E-05, -5.019291
1.6259E-05, -5.019291
1.627848E-05, -5.019291
1.629795E-05, -5.019291
1.631742E-05, -5.019291
1.633689E-05, -5.019291
1.635636E-05, -5.019291
1.637583E-05, -5.019291
1.639531E-05, -5.019291
1.641478E-05, -5.019291
1.643425E-05, -5.019291
1.645372E-05, -5.019291
1.647319E-05, -5.019291
1.649267E-05, -5.019291
1.651214E-05, -5.019291
1.653161E-05, -5.019291
1.655108E-05, -5.019291
1.657055E-05, -5.019291
1.659003E-05, -5.019291
1.66095E-05, -5.019291
1.662897E-05, -5.019291
1.664844E-05, -5.019291
1.666791E-05, -5.019291
1.668739E-05, -5.019291
1.670686E-05, -5.019291
1.672633E-05, -5.019291
1.67458E-05, -5.019291
1.676527E-05, -4.980709
1.678474E-05, -4.980709
1.680422E-05, -4.980709
1.682369E-05, -4.980709
1.684316E-05, -4.980709
1.686263E-05, -4.980709
1.68821E-05, -4.980709
1.690157E-05, -4.980709
1.692105E-05, -4.980709
1.694052E-05, -4.980709
1.695999E-05, -4.980709
1.697946E-05, -4.980709
1.699893E-05, -4.980709
1.701841E-05, -4.980709
1.703788E-05, -4.980709
1.705735E-05, -4.980709
1.707682E-05, -4.980709
1.709629E-05, -4.980709
1.711577E-05, -4.980709
1.713524E-05, -4.980709
1.715471E-05, -4.980709
1.717418E-05, -4.980709
1.719365E-05, -4.980709
1.721312E-05, -4.980709
1.72326E-05, -4.980709
1.725207E-05, -5.019291
1.727154E-05, -5.019291
1.729101E-05, -5.019291
1.731048E-05, -5.019291
1.732996E-05, -5.019291
1.734943E-05, -5.019291
1.73689E-05, -5.019291
1.738837E-05, -5.019291
1.740784E-05, -5.019291
1.742732E-05, -5.019291
1.744679E-05, -5.019291
1.746626E-05, -5.019291
1.748573E-05, -5.019291
1.75052E-05, -5.019291
1.752468E-05, -5.019291
1.754415E-05, -5.019291
1.756362E-05, -5.019291
1.758309E-05, -5.019291
1.760256E-05, -5.019291
1.762203E-05, -5.019291
1.764151E-05, -5.019291
1.766098E-05, -5.019291
1.768045E-05, -5.019291
1.769992E-05, -5.019291
1.771939E-05, -5.019291
1.773886E-05, -5.019291
1.775834E-05, -5.019291
1.777781E-05, -5.019291
1.779728E-05, -5.019291
1.781675E-05, -5.019291
1.783622E-05, -5.019291
1.78557E-05, -5.019291
1.787517E-05, -5.019291
1.789464E-05, -5.019291
1.791411E-05, -5.019291
1.793358E-05, -5.019291
1.795306E-05, -5.019291
1.797253E-05, -5.019291
1.7992E-05, -5.019291
1.801147E-05, -5.019291
1.803094E-05, -5.019291
1.805041E-05, -5.019291
1.806989E-05, -5.019291
1.808936E-05, -5.019291
1.810883E-05, -5.019291
1.81283E-05, -5.019291
1.814777E-05, -5.019291
1.816725E-05, -5.019291
1.818672E-05, -5.019291
1.820619E-05, -5.019291
1.822566E-05, -5.019291
1.824513E-05, -5.019291
1.826461E-05, -5.019291
1.828408E-05, -5.019291
1.830355E-05, -5.019291
1.832302E-05, -5.019291
1.834249E-05, -5.019291
1.836196E-05, -5.019291
1.838144E-05, -5.019291
1.840091E-05, -5.019291
1.842038E-05, -5.019291
1.843985E-05, -5.019291
1.845932E-05, -5.019291
1.84788E-05, -5.019291
1.849827E-05, -5.019291
1.851774E-05, -5.019291
1.853721E-05, -5.019291
1.855668E-05, -5.019291
1.857615E-05, -5.019291
1.859563E-05, -5.019291
1.86151E-05, -5.019291
1.863457E-05, -5.019291
1.865404E-05, -5.019291
1.867351E-05, -5.019291
1.869299E-05, -5.019291
1.871246E-05, -5.019291
1.873193E-05, -5.019291
1.87514E-05, -5.019291
1.877087E-05, -5.019291
1.879035E-05, -5.019291
1.880982E-05, -5.019291
1.882929E-05, -5.019291
1.884876E-05, -5.019291
1.886823E-05, -5.019291
1.88877E-05, -5.019291
1.890718E-05, -5.019291
1.892665E-05, -5.019291
1.894612E-05, -5.019291
1.896559E-05, -5.019291
1.898506E-05, -5.019291
1.900454E-05, -5.019291
1.902401E-05, -5.019291
1.904348E-05, -5.019291
1.906295E-05, -5.019291
1.908242E-05, -5.019291
1.91019E-05, -5.019291
1.912137E-05, -5.019291
1.914084E-05, -5.019291
1.916031E-05, -5.019291
1.917978E-05, -4.980709
1.919925E-05, -4.980709
1.921873E-05, -4.980709
1.92382E-05, -4.980709
1.925767E-05, -4.980709
1.927714E-05, -4.980709
1.929661E-05, -4.980709
1.931608E-05, -4.980709
1.933556E-05, -4.980709
1.935503E-05, -4.980709
1.93745E-05, -4.980709
1.939397E-05, -4.980709
1.941344E-05, -4.980709
1.943292E-05, -4.980709
1.945239E-05, -4.980709
1.947186E-05, -4.980709
1.949133E-05, -4.980709
1.95108E-05, -4.980709
1.953028E-05, -4.980709
1.954975E-05, -4.980709
1.956922E-05, -4.980709
1.958869E-05, -4.980709
1.960816E-05, -4.980709
1.962764E-05, -4.980709
1.964711E-05, -5.019291
1.966658E-05, -5.019291
1.968605E-05, -5.019291
1.970552E-05, -5.019291
1.9725E-05, -5.019291
1.974447E-05, -5.019291
1.976394E-05, -5.019291
1.978341E-05, -5.019291
1.980288E-05, -5.019291
1.982235E-05, -5.019291
1.984183E-05, -5.019291
1.98613E-05, -5.019291
1.988077E-05, -5.019291
1.990024E-05, -5.019291
1.991971E-05, -5.019291
1.993919E-05, -5.019291
1.995866E-05, -5.019291
1.997813E-05, -5.019291
1.99976E-05, -5.019291
2.001707E-05, -5.019291
2.003654E-05, -5.019291
2.005602E-05, -5.019291
2.007549E-05, -5.019291
2.009496E-05, -5.019291
2.011443E-05, -5.019291
2.01339E-05, -5.019291
2.015337E-05, -5.019291
2.017285E-05, -5.019291
2.019232E-05, -5.019291
2.021179E-05, -5.019291
2.023126E-05, -5.019291
2.025073E-05, -5.019291
2.027021E-05, -5.019291
2.028968E-05, -5.019291
2.030915E-05, -5.019291
2.032862E-05, -5.019291
2.034809E-05, -5.019291
2.036757E-05, -5.019291
2.038704E-05, -5.019291
2.040651E-05, -5.019291
2.042598E-05, -5.019291
2.044545E-05, -5.019291
2.046493E-05, -5.019291
2.04844E-05, -5.019291
2.050387E-05, -5.019291
2.052334E-05, -5.019291
2.054281E-05, -5.019291
2.056229E-05, -5.019291
2.058176E-05, -5.019291
2.060123E-05, -5.019291
2.06207E-05, -5.019291
2.064017E-05, -5.019291
2.065964E-05, -5.019291
2.067912E-05, -5.019291
2.069859E-05, -5.019291
2.071806E-05, -5.019291
2.073753E-05, -5.019291
2.0757E-05, -5.019291
2.077648E-05, -5.019291
2.079595E-05, -5.019291
2.081542E-05, -5.019291
2.083489E-05, -5.019291
2.085436E-05, -5.019291
2.087383E-05, -5.019291
2.089331E-05, -5.019291
2.091278E-05, -5.019291
2.093225E-05, -5.019291
2.095172E-05, -5.019291
2.097119E-05, -5.019291
2.099067E-05, -5.019291
2.101014E-05, -5.019291
2.102961E-05, -5.019291
2.104908E-05, -5.019291
2.106855E-05, -5.019291
2.108802E-05, -5.019291
2.11075E-05, -5.019291
2.112697E-05, -5.019291
2.114644E-05, -5.019291
2.116591E-05, -5.019291
2.118538E-05, -5.019291
2.120486E-05, -5.019291
2.122433E-05, -5.019291
2.12438E-05, -5.019291
2.126327E-05, -5.019291
2.128274E-05, -5.019291
2.130222E-05, -5.019291
2.132169E-05, -5.019291
2.134116E-05, -5.019291
2.136063E-05, -5.019291
2.13801E-05, -5.019291
2.139958E-05, -5.019291
2.141905E-05, -5.019291
2.143852E-05, -5.019291
2.145799E-05, -5.019291
2.147746E-05, -5.019291
2.149693E-05, -5.019291
2.151641E-05, -5.019291
2.153588E-05, -5.019291
2.155535E-05, -5.019291
2.157482E-05, -4.980709
2.159429E-05, -4.980709
2.161377E-05, -4.980709
2.163324E-05, -4.980709
2.165271E-05, -4.980709
2.167218E-05, -4.980709
2.169165E-05, -4.980709
2.171112E-05, -4.980709
2.17306E-05, -4.980709
2.175007E-05, -4.980709
2.176954E-05, -4.980709
2.178901E-05, -4.980709
2.180848E-05, -4.980709
2.182796E-05, -4.980709
2.184743E-05, -4.980709
2.18669E-05, -4.980709
2.188637E-05, -4.980709
2.190584E-05, -4.980709
2.192531E-05, -4.980709
2.194479E-05, -4.980709
2.196426E-05, -4.980709
2.198373E-05, -4.980709
2.20032E-05, -4.980709
2.202267E-05, -4.980709
2.204215E-05, -5.019291
2.206162E-05, -5.019291
2.208109E-05, -5.019291
2.210056E-05, -5.019291
2.212003E-05, -5.019291
2.213951E-05, -5.019291
2.215898E-05, -5.019291
2.217845E-05, -5.019291
2.219792E-05, -5.019291
2.221739E-05, -5.019291
2.223687E-05, -5.019291
2.225634E-05, -5.019291
2.227581E-05, -5.019291
2.229528E-05, -5.019291
2.231475E-05, -5.019291
2.233422E-05, -5.019291
2.23537E-05, -5.019291
2.237317E-05, -5.019291
2.239264E-05, -5.019291
2.241211E-05, -5.019291
2.243158E-05, -5.019291
2.245105E-05, -5.019291
2.247053E-05, -5.019291
2.249E-05, -5.019291
2.250947E-05, -5.019291
2.252894E-05, -5.019291
2.254841E-05, -5.019291
2.256789E-05, -5.019291
2.258736E-05, -5.019291
2.260683E-05, -5.019291
2.26263E-05, -5.019291
2.264577E-05, -5.019291
2.266525E-05, -5.019291
2.268472E-05, -5.019291
2.270419E-05, -5.019291
2.272366E-05, -5.019291
2.274313E-05, -5.019291
2.27626E-05, -5.019291
2.278208E-05, -5.019291
2.280155E-05, -5.019291
2.282102E-05, -5.019291
2.284049E-05, -5.019291
2.285996E-05, -5.019291
2.287944E-05, -5.019291
2.289891E-05, -5.019291
2.291838E-05, -5.019291
2.293785E-05, -5.019291
2.295732E-05, -5.019291
2.29768E-05, -5.019291
2.299627E-05, -5.019291
2.301574E-05, -5.019291
2.303521E-05, -5.019291
2.305468E-05, -5.019291
2.307416E-05, -5.019291
2.309363E-05, -5.019291
2.31131E-05, -5.019291
2.313257E-05, -5.019291
2.315204E-05, -5.019291
2.317151E-05, -5.019291
2.319099E-05, -5.019291
2.321046E-05, -5.019291
2.322993E-05, -5.019291
2.32494E-05, -5.019291
2.326887E-05, -5.019291
2.328834E-05, -5.019291
2.330782E-05, -5.019291
2.332729E-05, -5.019291
2.334676E-05, -5.019291
2.336623E-05, -5.019291
2.33857E-05, -5.019291
2.340518E-05, -5.019291
2.342465E-05, -5.019291
2.344412E-05, -5.019291
2.346359E-05, -5.019291
2.348306E-05, -5.019291
2.350254E-05, -5.019291
2.352201E-05, -5.019291
2.354148E-05, -5.019291
2.356095E-05, -5.019291
2.358042E-05, -5.019291
2.359989E-05, -5.019291
2.361937E-05, -5.019291
2.363884E-05, -5.019291
2.365831E-05, -5.019291
2.367778E-05, -5.019291
2.369725E-05, -5.019291
2.371673E-05, -5.019291
2.37362E-05, -5.019291
2.375567E-05, -5.019291
2.377514E-05, -5.019291
2.379461E-05, -5.019291
2.381409E-05, -5.019291
2.383356E-05, -5.019291
2.385303E-05, -5.019291
2.38725E-05, -5.019291
2.389197E-05, -5.019291
2.391145E-05, -5.019291
2.393092E-05, -5.019291
2.395039E-05, -5.019291
2.396986E-05, -4.980709
2.398933E-05, -4.980709
2.40088E-05, -4.980709
2.402828E-05, -4.980709
2.404775E-05, -4.980709
2.406722E-05, -4.980709
2.408669E-05, -4.980709
2.410616E-05, -4.980709
2.412563E-05, -4.980709
2.414511E-05, -4.980709
2.416458E-05, -4.980709
2.418405E-05, -4.980709
2.420352E-05, -4.980709
2.422299E-05, -4.980709
2.424247E-05, -4.980709
2.426194E-05, -4.980709
2.428141E-05, -4.980709
2.430088E-05, -4.980709
2.432035E-05, -4.980709
2.433983E-05, -4.980709
2.43593E-05, -4.980709
2.437877E-05, -4.980709
2.439824E-05, -4.980709
2.441771E-05, -4.980709
2.443719E-05, -5.019291
2.445666E-05, -5.019291
2.447613E-05, -5.019291
2.44956E-05, -5.019291
2.451507E-05, -5.019291
2.453454E-05, -5.019291
2.455402E-05, -5.019291
2.457349E-05, -5.019291
2.459296E-05, -5.019291
2.461243E-05, -5.019291
2.46319E-05, -5.019291
2.465138E-05, -5.019291
2.467085E-05, -5.019291
2.469032E-05, -5.019291
2.470979E-05, -5.019291
2.472926E-05, -5.019291
2.474874E-05, -5.019291
2.476821E-05, -5.019291
2.478768E-05, -5.019291
2.480715E-05, -5.019291
2.482662E-05, -5.019291
2.484609E-05, -5.019291
2.486557E-05, -5.019291
2.488504E-05, -5.019291
2.490451E-05, -5.019291
2.492398E-05, -5.019291
2.494345E-05, -5.019291
2.496292E-05, -5.019291
2.49824E-05, -5.019291
2.500187E-05, -5.019291
2.502134E-05, -5.019291
2.504081E-05, -5.019291
2.506028E-05, -5.019291
2.507976E-05, -5.019291
2.509923E-05, -5.019291
2.51187E-05, -5.019291
2.513817E-05, -5.019291
2.515764E-05, -5.019291
2.517712E-05, -5.019291
2.519659E-05, -5.019291
2.521606E-05, -5.019291
2.523553E-05, -5.019291
2.5255E-05, -5.019291
2.527448E-05, -5.019291
2.529395E-05, -5.019291
2.531342E-05, -5.019291
2.533289E-05, -5.019291
2.535236E-05, -5.019291
2.537183E-05, -5.019291
2.539131E-05, -5.019291
2.541078E-05, -5.019291
2.543025E-05, -5.019291
2.544972E-05, -5.019291
2.546919E-05, -5.019291
2.548867E-05, -5.019291
2.550814E-05, -5.019291
2.552761E-05, -5.019291
2.554708E-05, -5.019291
2.556655E-05, -5.019291
2.558603E-05, -5.019291
2.56055E-05, -5.019291
2.562497E-05, -5.019291
2.564444E-05, -5.019291
2.566391E-05, -5.019291
2.568338E-05, -5.019291
2.570286E-05, -5.019291
2.572233E-05, -5.019291
2.57418E-05, -5.019291
2.576127E-05, -5.019291
2.578074E-05, -5.019291
2.580021E-05, -5.019291
2.581969E-05, -5.019291
2.583916E-05, -5.019291
2.585863E-05, -5.019291
2.58781E-05, -5.019291
2.589757E-05, -5.019291
2.591705E-05, -5.019291
2.593652E-05, -5.019291
2.595599E-05, -5.019291
2.597546E-05, -5.019291
2.599493E-05, -5.019291
2.601441E-05, -5.019291
2.603388E-05, -5.019291
2.605335E-05, -5.019291
2.607282E-05, -5.019291
2.609229E-05, -5.019291
2.611177E-05, -5.019291
2.613124E-05, -5.019291
2.615071E-05, -5.019291
2.617018E-05, -5.019291
2.618965E-05, -5.019291
2.620912E-05, -5.019291
2.62286E-05, -5.019291
2.624807E-05, -5.019291
2.626754E-05, -5.019291
2.628701E-05, -5.019291
2.630648E-05, -5.019291
2.632596E-05, -5.019291
2.634543E-05, -5.019291
2.63649E-05, -4.980709
2.638437E-05, -4.980709
2.640384E-05, -4.980709
2.642331E-05, -4.980709
2.644279E-05, -4.980709
2.646226E-05, -4.980709
2.648173E-05, -4.980709
2.65012E-05, -4.980709
2.652067E-05, -4.980709
2.654015E-05, -4.980709
2.655962E-05, -4.980709
2.657909E-05, -4.980709
2.659856E-05, -4.980709
2.661803E-05, -4.980709
2.66375E-05, -4.980709
2.665698E-05, -4.980709
2.667645E-05, -4.980709
2.669592E-05, -4.980709
2.671539E-05, -4.980709
2.673486E-05, -4.980709
2.675434E-05, -4.980709
2.677381E-05, -4.980709
2.679328E-05, -4.980709
2.681275E-05, -4.980709
2.683222E-05, -5.019291
2.68517E-05, -5.019291
2.687117E-05, -5.019291
2.689064E-05, -5.019291
2.691011E-05, -5.019291
2.692958E-05, -5.019291
2.694906E-05, -5.019291
2.696853E-05, -5.019291
2.6988E-05, -5.019291
2.700747E-05, -5.019291
2.702694E-05, -5.019291
2.704642E-05, -5.019291
2.706589E-05, -5.019291
2.708536E-05, -5.019291
2.710483E-05, -5.019291
2.71243E-05, -5.019291
2.714377E-05, -5.019291
2.716325E-05, -5.019291
2.718272E-05, -5.019291
2.720219E-05, -5.019291
2.722166E-05, -5.019291
2.724113E-05, -5.019291
2.72606E-05, -5.019291
2.728008E-05, -5.019291
2.729955E-05, -5.019291
2.731902E-05, -5.019291
2.733849E-05, -5.019291
2.735796E-05, -5.019291
2.737744E-05, -5.019291
2.739691E-05, -5.019291
2.741638E-05, -5.019291
2.743585E-05, -5.019291
2.745532E-05, -5.019291
2.747479E-05, -5.019291
2.749427E-05, -5.019291
2.751374E-05, -5.019291
2.753321E-05, -5.019291
2.755268E-05, -5.019291
2.757215E-05, -5.019291
2.759163E-05, -5.019291
2.76111E-05, -5.019291
2.763057E-05, -5.019291
2.765004E-05, -5.019291
2.766951E-05, -5.019291
2.768899E-05, -5.019291
2.770846E-05, -5.019291
2.772793E-05, -5.019291
2.77474E-05, -5.019291
2.776687E-05, -5.019291
2.778635E-05, -5.019291
2.780582E-05, -5.019291
2.782529E-05, -5.019291
2.784476E-05, -5.019291
2.786423E-05, -5.019291
2.788371E-05, -5.019291
2.790318E-05, -5.019291
2.792265E-05, -5.019291
2.794212E-05, -5.019291
2.796159E-05, -5.019291
2.798106E-05, -5.019291
2.800054E-05, -5.019291
2.802001E-05, -5.019291
2.803948E-05, -5.019291
2.805895E-05, -5.019291
2.807842E-05, -5.019291
2.809789E-05, -5.019291
2.811737E-05, -5.019291
2.813684E-05, -5.019291
2.815631E-05, -5.019291
2.817578E-05, -5.019291
2.819525E-05, -5.019291
2.821473E-05, -5.019291
2.82342E-05, -5.019291
2.825367E-05, -5.019291
2.827314E-05, -5.019291
2.829261E-05, -5.019291
2.831208E-05, -5.019291
2.833156E-05, -5.019291
2.835103E-05, -5.019291
2.83705E-05, -5.019291
2.838997E-05, -5.019291
2.840944E-05, -5.019291
2.842892E-05, -5.019291
2.844839E-05, -5.019291
2.846786E-05, -5.019291
2.848733E-05, -5.019291
2.85068E-05, -5.019291
2.852628E-05, -5.019291
2.854575E-05, -5.019291
2.856522E-05, -5.019291
2.858469E-05, -5.019291
2.860416E-05, -5.019291
2.862364E-05, -5.019291
2.864311E-05, -5.019291
2.866258E-05, -5.019291
2.868205E-05, -5.019291
2.870152E-05, -5.019291
2.8721E-05, -5.019291
2.874047E-05, -5.019291
2.875994E-05, -4.980709
2.877941E-05, -4.980709
2.879888E-05, -4.980709
2.881835E-05, -4.980709
2.883783E-05, -4.980709
2.88573E-05, -4.980709
2.887677E-05, -4.980709
2.889624E-05, -4.980709
2.891571E-05, -4.980709
2.893518E-05, -4.980709
2.895466E-05, -4.980709
2.897413E-05, -4.980709
2.89936E-05, -4.980709
2.901307E-05, -4.980709
2.903254E-05, -4.980709
2.905202E-05, -4.980709
2.907149E-05, -4.980709
2.909096E-05, -4.980709
2.911043E-05, -4.980709
2.91299E-05, -4.980709
2.914938E-05, -4.980709
2.916885E-05, -4.980709
2.918832E-05, -4.980709
2.920779E-05, -4.980709
2.922726E-05, -5.019291
2.924673E-05, -5.019291
2.926621E-05, -5.019291
2.928568E-05, -5.019291
2.930515E-05, -5.019291
2.932462E-05, -5.019291
2.934409E-05, -5.019291
2.936357E-05, -5.019291
2.938304E-05, -5.019291
2.940251E-05, -5.019291
2.942198E-05, -5.019291
2.944145E-05, -5.019291
2.946093E-05, -5.019291
2.94804E-05, -5.019291
2.949987E-05, -5.019291
2.951934E-05, -5.019291
2.953881E-05, -5.019291
2.955828E-05, -5.019291
2.957776E-05, -5.019291
2.959723E-05, -5.019291
2.96167E-05, -5.019291
2.963617E-05, -5.019291
2.965564E-05, -5.019291
2.967512E-05, -5.019291
2.969459E-05, -5.019291
2.971406E-05, -5.019291
2.973353E-05, -5.019291
2.9753E-05, -5.019291
2.977247E-05, -5.019291
2.979195E-05, -5.019291
2.981142E-05, -5.019291
2.983089E-05, -5.019291
2.985036E-05, -5.019291
2.986983E-05, -5.019291
2.988931E-05, -5.019291
2.990878E-05, -5.019291
2.992825E-05, -5.019291
2.994772E-05, -5.019291
2.996719E-05, -5.019291
2.998667E-05, -5.019291
3.000614E-05, -5.019291
3.002561E-05, -5.019291
3.004508E-05, -5.019291
3.006455E-05, -5.019291
3.008402E-05, -5.019291
3.01035E-05, -5.019291
3.012297E-05, -5.019291
3.014244E-05, -5.019291
3.016191E-05, -5.019291
3.018138E-05, -5.019291
3.020086E-05, -5.019291
3.022033E-05, -5.019291
3.02398E-05, -5.019291
3.025927E-05, -5.019291
3.027874E-05, -5.019291
3.029822E-05, -5.019291
3.031769E-05, -5.019291
3.033716E-05, -5.019291
3.035663E-05, -5.019291
3.03761E-05, -5.019291
3.039557E-05, -5.019291
3.041505E-05, -5.019291
3.043452E-05, -5.019291
3.045399E-05, -5.019291
3.047346E-05, -5.019291
3.049293E-05, -5.019291
3.05124E-05, -5.019291
3.053188E-05, -5.019291
3.055135E-05, -5.019291
3.057082E-05, -5.019291
3.059029E-05, -5.019291
3.060976E-05, -5.019291
3.062923E-05, -5.019291
3.064871E-05, -5.019291
3.066818E-05, -5.019291
3.068765E-05, -5.019291
3.070712E-05, -5.019291
3.072659E-05, -5.019291
3.074607E-05, -5.019291
3.076554E-05, -5.019291
3.078501E-05, -5.019291
3.080448E-05, -5.019291
3.082395E-05, -5.019291
3.084343E-05, -5.019291
3.08629E-05, -5.019291
3.088237E-05, -5.019291
3.090184E-05, -5.019291
3.092131E-05, -5.019291
3.094079E-05, -5.019291
3.096026E-05, -5.019291
3.097973E-05, -5.019291
3.09992E-05, -5.019291
3.101867E-05, -5.019291
3.103815E-05, -5.019291
3.105762E-05, -5.019291
3.107709E-05, -5.019291
3.109656E-05, -5.019291
3.111603E-05, -5.019291
3.11355E-05, -5.019291
3.115498E-05, -4.980709
3.117445E-05, -4.980709
3.119392E-05, -4.980709
3.121339E-05, -4.980709
3.123286E-05, -4.980709
3.125234E-05, -4.980709
3.127181E-05, -4.980709
3.129128E-05, -4.980709
3.131075E-05, -4.980709
3.133022E-05, -4.980709
3.13497E-05, -4.980709
3.136917E-05, -4.980709
3.138864E-05, -4.980709
3.140811E-05, -4.980709
3.142758E-05, -4.980709
3.144706E-05, -4.980709
3.146653E-05, -4.980709
3.1486E-05, -4.980709
3.150547E-05, -4.980709
3.152494E-05, -4.980709
3.154442E-05, -4.980709
3.156389E-05, -4.980709
3.158336E-05, -4.980709
3.160283E-05, -4.980709
3.16223E-05, -5.019291
3.164177E-05, -5.019291
3.166125E-05, -5.019291
3.168072E-05, -5.019291
3.170019E-05, -5.019291
3.171966E-05, -5.019291
3.173913E-05, -5.019291
3.175861E-05, -5.019291
3.177808E-05, -5.019291
3.179755E-05, -5.019291
3.181702E-05, -5.019291
3.183649E-05, -5.019291
3.185597E-05, -5.019291
3.187544E-05, -5.019291
3.189491E-05, -5.019291
3.191438E-05, -5.019291
3.193385E-05, -5.019291
3.195332E-05, -5.019291
3.19728E-05, -5.019291
3.199227E-05, -5.019291
3.201174E-05, -5.019291
3.203121E-05, -5.019291
3.205068E-05, -5.019291
3.207015E-05, -5.019291
3.208963E-05, -5.019291
3.21091E-05, -5.019291
3.212857E-05, -5.019291
3.214804E-05, -5.019291
3.216751E-05, -5.019291
3.218698E-05, -5.019291
3.220646E-05, -5.019291
3.222593E-05, -5.019291
3.22454E-05, -5.019291
3.226487E-05, -5.019291
3.228434E-05, -5.019291
3.230382E-05, -5.019291
3.232329E-05, -5.019291
3.234276E-05, -5.019291
3.236223E-05, -5.019291
3.23817E-05, -5.019291
3.240117E-05, -5.019291
3.242065E-05, -5.019291
3.244012E-05, -5.019291
3.245959E-05, -5.019291
3.247906E-05, -5.019291
3.249853E-05, -5.019291
3.251801E-05, -5.019291
3.253748E-05, -5.019291
3.255695E-05, -5.019291
3.257642E-05, -5.019291
3.259589E-05, -5.019291
3.261537E-05, -5.019291
3.263484E-05, -5.019291
3.265431E-05, -5.019291
3.267378E-05, -5.019291
3.269325E-05, -5.019291
3.271273E-05, -5.019291
3.27322E-05, -5.019291
3.275167E-05, -5.019291
3.277114E-05, -5.019291
3.279061E-05, -5.019291
3.281009E-05, -5.019291
3.282956E-05, -5.019291
3.284903E-05, -5.019291
3.28685E-05, -5.019291
3.288797E-05, -5.019291
3.290744E-05, -5.019291
3.292692E-05, -5.019291
3.294639E-05, -5.019291
3.296586E-05, -5.019291
3.298533E-05, -5.019291
3.30048E-05, -5.019291
3.302428E-05, -5.019291
3.304375E-05, -5.019291
3.306322E-05, -5.019291
3.308269E-05, -5.019291
3.310216E-05, -5.019291
3.312164E-05, -5.019291
3.314111E-05, -5.019291
3.316058E-05, -5.019291
3.318005E-05, -5.019291
3.319952E-05, -5.019291
3.3219E-05, -5.019291
3.323847E-05, -5.019291
3.325794E-05, -5.019291
3.327741E-05, -5.019291
3.329688E-05, -5.019291
3.331635E-05, -5.019291
3.333583E-05, -5.019291
3.33553E-05, -5.019291
3.337477E-05, -5.019291
3.339424E-05, -5.019291
3.341371E-05, -5.019291
3.343319E-05, -5.019291
3.345266E-05, -5.019291
3.347213E-05, -5.019291
3.34916E-05, -5.019291
3.351107E-05, -5.019291
3.353054E-05, -4.980709
3.355002E-05, -4.980709
3.356949E-05, -4.980709
3.358896E-05, -4.980709
3.360843E-05, -4.980709
3.36279E-05, -4.980709
3.364737E-05, -4.980709
3.366685E-05, -4.980709
3.368632E-05, -4.980709
3.370579E-05, -4.980709
3.372526E-05, -4.980709
3.374473E-05, -4.980709
3.37642E-05, -4.980709
3.378368E-05, -4.980709
3.380315E-05, -4.980709
3.382262E-05, -4.980709
3.384209E-05, -4.980709
3.386156E-05, -4.980709
3.388104E-05, -4.980709
3.390051E-05, -4.980709
3.391998E-05, -4.980709
3.393945E-05, -4.980709
3.395892E-05, -4.980709
3.39784E-05, -4.980709
3.399787E-05, -4.980709
3.401734E-05, -5.019291
3.403681E-05, -5.019291
3.405628E-05, -5.019291
3.407575E-05, -5.019291
3.409523E-05, -5.019291
3.41147E-05, -5.019291
3.413417E-05, -5.019291
3.415364E-05, -5.019291
3.417311E-05, -5.019291
3.419259E-05, -5.019291
3.421206E-05, -5.019291
3.423153E-05, -5.019291
3.4251E-05, -5.019291
3.427047E-05, -5.019291
3.428995E-05, -5.019291
3.430942E-05, -5.019291
3.432889E-05, -5.019291
3.434836E-05, -5.019291
3.436783E-05, -5.019291
3.438731E-05, -5.019291
3.440678E-05, -5.019291
3.442625E-05, -5.019291
3.444572E-05, -5.019291
3.446519E-05, -5.019291
3.448467E-05, -5.019291
3.450414E-05, -5.019291
3.452361E-05, -5.019291
3.454308E-05, -5.019291
3.456255E-05, -5.019291
3.458202E-05, -5.019291
3.46015E-05, -5.019291
3.462097E-05, -5.019291
3.464044E-05, -5.019291
3.465991E-05, -5.019291
3.467938E-05, -5.019291
3.469886E-05, -5.019291
3.471833E-05, -5.019291
3.47378E-05, -5.019291
3.475727E-05, -5.019291
3.477674E-05, -5.019291
3.479622E-05, -5.019291
3.481569E-05, -5.019291
3.483516E-05, -5.019291
3.485463E-05, -5.019291
3.48741E-05, -5.019291
3.489358E-05, -5.019291
3.491305E-05, -5.019291
3.493252E-05, -5.019291
3.495199E-05, -5.019291
3.497146E-05, -5.019291
3.499094E-05, -5.019291
3.501041E-05, -5.019291
3.502988E-05, -5.019291
3.504935E-05, -5.019291
3.506882E-05, -5.019291
3.508829E-05, -5.019291
3.510777E-05, -5.019291
3.512724E-05, -5.019291
3.514671E-05, -5.019291
3.516618E-05, -5.019291
3.518565E-05, -5.019291
3.520512E-05, -5.019291
3.52246E-05, -5.019291
3.524407E-05, -5.019291
3.526354E-05, -5.019291
3.528301E-05, -5.019291
3.530248E-05, -5.019291
3.532195E-05, -5.019291
3.534143E-05, -5.019291
3.53609E-05, -5.019291
3.538037E-05, -5.019291
3.539984E-05, -5.019291
3.541931E-05, -5.019291
3.543878E-05, -5.019291
3.545826E-05, -5.019291
3.547773E-05, -5.019291
3.54972E-05, -5.019291
3.551667E-05, -5.019291
3.553614E-05, -5.019291
3.555562E-05, -5.019291
3.557509E-05, -5.019291
3.559456E-05, -5.019291
3.561403E-05, -5.019291
3.56335E-05, -5.019291
3.565298E-05, -5.019291
3.567245E-05, -5.019291
3.569192E-05, -5.019291
3.571139E-05, -5.019291
3.573086E-05, -5.019291
3.575034E-05, -5.019291
3.576981E-05, -5.019291
3.578928E-05, -5.019291
3.580875E-05, -5.019291
3.582822E-05, -5.019291
3.584769E-05, -5.019291
3.586717E-05, -5.019291
3.588664E-05, -5.019291
3.590611E-05, -5.019291
3.592558E-05, -5.019291
3.594505E-05, -4.980709
3.596453E-05, -4.980709
3.5984E-05, -4.980709
3.600347E-05, -4.980709
3.602294E-05, -4.980709
3.604241E-05, -4.980709
3.606189E-05, -4.980709
3.608136E-05, -4.980709
3.610083E-05, -4.980709
3.61203E-05, -4.980709
3.613977E-05, -4.980709
3.615925E-05, -4.980709
3.617872E-05, -4.980709
3.619819E-05, -4.980709
3.621766E-05, -4.980709
3.623713E-05, -4.980709
3.625661E-05, -4.980709
3.627608E-05, -4.980709
3.629555E-05, -4.980709
3.631502E-05, -4.980709
3.633449E-05, -4.980709
3.635396E-05, -4.980709
3.637344E-05, -4.980709
3.639291E-05, -4.980709
3.641238E-05, -5.019291
3.643185E-05, -5.019291
3.645132E-05, -5.019291
3.64708E-05, -5.019291
3.649027E-05, -5.019291
3.650974E-05, -5.019291
3.652921E-05, -5.019291
3.654868E-05, -5.019291
3.656816E-05, -5.019291
3.658763E-05, -5.019291
3.66071E-05, -5.019291
3.662657E-05, -5.019291
3.664604E-05, -5.019291
3.666551E-05, -5.019291
3.668499E-05, -5.019291
3.670446E-05, -5.019291
3.672393E-05, -5.019291
3.67434E-05, -5.019291
3.676287E-05, -5.019291
3.678234E-05, -5.019291
3.680182E-05, -5.019291
3.682129E-05, -5.019291
3.684076E-05, -5.019291
3.686023E-05, -5.019291
3.68797E-05, -5.019291
3.689918E-05, -5.019291
3.691865E-05, -5.019291
3.693812E-05, -5.019291
3.695759E-05, -5.019291
3.697706E-05, -5.019291
3.699653E-05, -5.019291
3.701601E-05, -5.019291
3.703548E-05, -5.019291
3.705495E-05, -5.019291
3.707442E-05, -5.019291
3.709389E-05, -5.019291
3.711336E-05, -5.019291
3.713284E-05, -5.019291
3.715231E-05, -5.019291
3.717178E-05, -5.019291
3.719125E-05, -5.019291
3.721072E-05, -5.019291
3.72302E-05, -5.019291
3.724967E-05, -5.019291
3.726914E-05, -5.019291
3.728861E-05, -5.019291
3.730808E-05, -5.019291
3.732756E-05, -5.019291
3.734703E-05, -5.019291
3.73665E-05, -5.019291
3.738597E-05, -5.019291
3.740544E-05, -5.019291
3.742492E-05, -5.019291
3.744439E-05, -5.019291
3.746386E-05, -5.019291
3.748333E-05, -5.019291
3.75028E-05, -5.019291
3.752228E-05, -5.019291
3.754175E-05, -5.019291
3.756122E-05, -5.019291
3.758069E-05, -5.019291
3.760016E-05, -5.019291
3.761963E-05, -5.019291
3.763911E-05, -5.019291
3.765858E-05, -5.019291
3.767805E-05, -5.019291
3.769752E-05, -5.019291
3.771699E-05, -5.019291
3.773647E-05, -5.019291
3.775594E-05, -5.019291
3.777541E-05, -5.019291
3.779488E-05, -5.019291
3.781435E-05, -5.019291
3.783383E-05, -5.019291
3.78533E-05, -5.019291
3.787277E-05, -5.019291
3.789224E-05, -5.019291
3.791171E-05, -5.019291
3.793119E-05, -5.019291
3.795066E-05, -5.019291
3.797013E-05, -5.019291
3.79896E-05, -5.019291
3.800907E-05, -5.019291
3.802854E-05, -5.019291
3.804802E-05, -5.019291
3.806749E-05, -5.019291
3.808696E-05, -5.019291
3.810643E-05, -5.019291
3.81259E-05, -5.019291
3.814538E-05, -5.019291
3.816485E-05, -5.019291
3.818432E-05, -5.019291
3.820379E-05, -5.019291
3.822326E-05, -5.019291
3.824274E-05, -5.019291
3.826221E-05, -5.019291
3.828168E-05, -5.019291
3.830115E-05, -5.019291
3.832062E-05, -5.019291
3.834009E-05, -4.980709
3.835957E-05, -4.980709
3.837904E-05, -4.980709
3.839851E-05, -4.980709
3.841798E-05, -4.980709
3.843745E-05, -4.980709
3.845692E-05, -4.980709
3.84764E-05, -4.980709
3.849587E-05, -4.980709
3.851534E-05, -4.980709
3.853481E-05, -4.980709
3.855428E-05, -4.980709
3.857375E-05, -4.980709
3.859323E-05, -4.980709
3.86127E-05, -4.980709
3.863217E-05, -4.980709
3.865164E-05, -4.980709
3.867111E-05, -4.980709
3.869059E-05, -4.980709
3.871006E-05, -4.980709
3.872953E-05, -4.980709
3.8749E-05, -4.980709
3.876847E-05, -4.980709
3.878794E-05, -4.980709
3.880742E-05, -5.019291
3.882689E-05, -5.019291
3.884636E-05, -5.019291
3.886583E-05, -5.019291
3.88853E-05, -5.019291
3.890478E-05, -5.019291
3.892425E-05, -5.019291
3.894372E-05, -5.019291
3.896319E-05, -5.019291
3.898266E-05, -5.019291
3.900214E-05, -5.019291
3.902161E-05, -5.019291
3.904108E-05, -5.019291
3.906055E-05, -5.019291
3.908002E-05, -5.019291
3.90995E-05, -5.019291
3.911897E-05, -5.019291
3.913844E-05, -5.019291
3.915791E-05, -5.019291
3.917738E-05, -5.019291
3.919686E-05, -5.019291
3.921633E-05, -5.019291
3.92358E-05, -5.019291
3.925527E-05, -5.019291
3.927474E-05, -5.019291
3.929421E-05, -5.019291
3.931369E-05, -5.019291
3.933316E-05, -5.019291
3.935263E-05, -5.019291
3.93721E-05, -5.019291
3.939157E-05, -5.019291
3.941105E-05, -5.019291
3.943052E-05, -5.019291
3.944999E-05, -5.019291
3.946946E-05, -5.019291
3.948893E-05, -5.019291
3.950841E-05, -5.019291
3.952788E-05, -5.019291
3.954735E-05, -5.019291
3.956682E-05, -5.019291
3.958629E-05, -5.019291
3.960577E-05, -5.019291
3.962524E-05, -5.019291
3.964471E-05, -5.019291
3.966418E-05, -5.019291
3.968365E-05, -5.019291
3.970313E-05, -5.019291
3.97226E-05, -5.019291
3.974207E-05, -5.019291
3.976154E-05, -5.019291
3.978101E-05, -5.019291
3.980048E-05, -5.019291
3.981996E-05, -5.019291
3.983943E-05, -5.019291
3.98589E-05, -5.019291
3.987837E-05, -5.019291
3.989784E-05, -5.019291
3.991732E-05, -5.019291
3.993679E-05, -5.019291
3.995626E-05, -5.019291
3.997573E-05, -5.019291
3.99952E-05, -5.019291
4.001467E-05, -5.019291
4.003415E-05, -5.019291
4.005362E-05, -5.019291
4.007309E-05, -5.019291
4.009256E-05, -5.019291
4.011203E-05, -5.019291
4.01315E-05, -5.019291
4.015098E-05, -5.019291
4.017045E-05, -5.019291
4.018992E-05, -5.019291
4.020939E-05, -5.019291
4.022886E-05, -5.019291
4.024833E-05, -5.019291
4.026781E-05, -5.019291
4.028728E-05, -5.019291
4.030675E-05, -5.019291
4.032622E-05, -5.019291
4.034569E-05, -5.019291
4.036517E-05, -5.019291
4.038464E-05, -5.019291
4.040411E-05, -5.019291
4.042358E-05, -5.019291
4.044305E-05, -5.019291
4.046253E-05, -5.019291
4.0482E-05, -5.019291
4.050147E-05, -5.019291
4.052094E-05, -5.019291
4.054041E-05, -5.019291
4.055988E-05, -5.019291
4.057936E-05, -5.019291
4.059883E-05, -5.019291
4.06183E-05, -5.019291
4.063777E-05, -5.019291
4.065724E-05, -5.019291
4.067672E-05, -5.019291
4.069619E-05, -5.019291
4.071566E-05, -4.980709
4.073513E-05, -4.980709
4.07546E-05, -4.980709
4.077408E-05, -4.980709
4.079355E-05, -4.980709
4.081302E-05, -4.980709
4.083249E-05, -4.980709
4.085196E-05, -4.980709
4.087144E-05, -4.980709
4.089091E-05, -4.980709
4.091038E-05, -4.980709
4.092985E-05, -4.980709
4.094932E-05, -4.980709
4.09688E-05, -4.980709
4.098827E-05, -4.980709
4.100774E-05, -4.980709
4.102721E-05, -4.980709
4.104668E-05, -4.980709
4.106615E-05, -4.980709
4.108563E-05, -4.980709
4.11051E-05, -4.980709
4.112457E-05, -4.980709
4.114404E-05, -4.980709
4.116351E-05, -4.980709
4.118299E-05, -4.980709
4.120246E-05, -5.019291
4.122193E-05, -5.019291
4.12414E-05, -5.019291
4.126087E-05, -5.019291
4.128035E-05, -5.019291
4.129982E-05, -5.019291
4.131929E-05, -5.019291
4.133876E-05, -5.019291
4.135823E-05, -5.019291
4.137771E-05, -5.019291
4.139718E-05, -5.019291
4.141665E-05, -5.019291
4.143612E-05, -5.019291
4.145559E-05, -5.019291
4.147506E-05, -5.019291
4.149454E-05, -5.019291
4.151401E-05, -5.019291
4.153348E-05, -5.019291
4.155295E-05, -5.019291
4.157242E-05, -5.019291
4.159189E-05, -5.019291
4.161137E-05, -5.019291
4.163084E-05, -5.019291
4.165031E-05, -5.019291
4.166978E-05, -5.019291
4.168925E-05, -5.019291
4.170872E-05, -5.019291
4.17282E-05, -5.019291
4.174767E-05, -5.019291
4.176714E-05, -5.019291
4.178661E-05, -5.019291
4.180608E-05, -5.019291
4.182555E-05, -5.019291
4.184503E-05, -5.019291
4.18645E-05, -5.019291
4.188397E-05, -5.019291
4.190344E-05, -5.019291
4.192291E-05, -5.019291
4.194239E-05, -5.019291
4.196186E-05, -5.019291
4.198133E-05, -5.019291
4.20008E-05, -5.019291
4.202027E-05, -5.019291
4.203975E-05, -5.019291
4.205922E-05, -5.019291
4.207869E-05, -5.019291
4.209816E-05, -5.019291
4.211763E-05, -5.019291
4.213711E-05, -5.019291
4.215658E-05, -5.019291
4.217605E-05, -5.019291
4.219552E-05, -5.019291
4.221499E-05, -5.019291
4.223446E-05, -5.019291
4.225394E-05, -5.019291
4.227341E-05, -5.019291
4.229288E-05, -5.019291
4.231235E-05, -5.019291
4.233182E-05, -5.019291
4.23513E-05, -5.019291
4.237077E-05, -5.019291
4.239024E-05, -5.019291
4.240971E-05, -5.019291
4.242918E-05, -5.019291
4.244866E-05, -5.019291
4.246813E-05, -5.019291
4.24876E-05, -5.019291
4.250707E-05, -5.019291
4.252654E-05, -5.019291
4.254602E-05, -5.019291
4.256549E-05, -5.019291
4.258496E-05, -5.019291
4.260443E-05, -5.019291
4.26239E-05, -5.019291
4.264338E-05, -5.019291
4.266285E-05, -5.019291
4.268232E-05, -5.019291
4.270179E-05, -5.019291
4.272126E-05, -5.019291
4.274073E-05, -5.019291
4.276021E-05, -5.019291
4.277968E-05, -5.019291
4.279915E-05, -5.019291
4.281862E-05, -5.019291
4.283809E-05, -5.019291
4.285757E-05, -5.019291
4.287704E-05, -5.019291
4.289651E-05, -5.019291
4.291598E-05, -5.019291
4.293545E-05, -5.019291
4.295493E-05, -5.019291
4.29744E-05, -5.019291
4.299387E-05, -5.019291
4.301334E-05, -5.019291
4.303281E-05, -5.019291
4.305229E-05, -5.019291
4.307176E-05, -5.019291
4.309123E-05, -5.019291
4.31107E-05, -5.019291
4.313017E-05, -4.980709
4.314964E-05, -4.980709
4.316912E-05, -4.980709
4.318859E-05, -4.980709
4.320806E-05, -4.980709
4.322753E-05, -4.980709
4.3247E-05, -4.980709
4.326647E-05, -4.980709
4.328595E-05, -4.980709
4.330542E-05, -4.980709
4.332489E-05, -4.980709
4.334436E-05, -4.980709
4.336383E-05, -4.980709
4.33833E-05, -4.980709
4.340278E-05, -4.980709
4.342225E-05, -4.980709
4.344172E-05, -4.980709
4.346119E-05, -4.980709
4.348066E-05, -4.980709
4.350013E-05, -4.980709
4.351961E-05, -4.980709
4.353908E-05, -4.980709
4.355855E-05, -4.980709
4.357802E-05, -4.980709
4.359749E-05, -5.019291
4.361697E-05, -5.019291
4.363644E-05, -5.019291
4.365591E-05, -5.019291
4.367538E-05, -5.019291
4.369485E-05, -5.019291
4.371433E-05, -5.019291
4.37338E-05, -5.019291
4.375327E-05, -5.019291
4.377274E-05, -5.019291
4.379221E-05, -5.019291
4.381169E-05, -5.019291
4.383116E-05, -5.019291
4.385063E-05, -5.019291
4.38701E-05, -5.019291
4.388957E-05, -5.019291
4.390905E-05, -5.019291
4.392852E-05, -5.019291
4.394799E-05, -5.019291
4.396746E-05, -5.019291
4.398693E-05, -5.019291
4.40064E-05, -5.019291
4.402588E-05, -5.019291
4.404535E-05, -5.019291
4.406482E-05, -5.019291
4.408429E-05, -5.019291
4.410376E-05, -5.019291
4.412324E-05, -5.019291
4.414271E-05, -5.019291
4.416218E-05, -5.019291
4.418165E-05, -5.019291
4.420112E-05, -5.019291
4.42206E-05, -5.019291
4.424007E-05, -5.019291
4.425954E-05, -5.019291
4.427901E-05, -5.019291
4.429848E-05, -5.019291
4.431796E-05, -5.019291
4.433743E-05, -5.019291
4.43569E-05, -5.019291
4.437637E-05, -5.019291
4.439584E-05, -5.019291
4.441532E-05, -5.019291
4.443479E-05, -5.019291
4.445426E-05, -5.019291
4.447373E-05, -5.019291
4.44932E-05, -5.019291
4.451267E-05, -5.019291
4.453215E-05, -5.019291
4.455162E-05, -5.019291
4.457109E-05, -5.019291
4.459056E-05, -5.019291
4.461003E-05, -5.019291
4.462951E-05, -5.019291
4.464898E-05, -5.019291
4.466845E-05, -5.019291
4.468792E-05, -5.019291
4.470739E-05, -5.019291
4.472686E-05, -5.019291
4.474634E-05, -5.019291
4.476581E-05, -5.019291
4.478528E-05, -5.019291
4.480475E-05, -5.019291
4.482422E-05, -5.019291
4.484369E-05, -5.019291
4.486317E-05, -5.019291
4.488264E-05, -5.019291
4.490211E-05, -5.019291
4.492158E-05, -5.019291
4.494105E-05, -5.019291
4.496052E-05, -5.019291
4.498E-05, -5.019291
4.499947E-05, -5.019291
4.501894E-05, -5.019291
4.503841E-05, -5.019291
4.505788E-05, -5.019291
4.507736E-05, -5.019291
4.509683E-05, -5.019291
4.51163E-05, -5.019291
4.513577E-05, -5.019291
4.515524E-05, -5.019291
4.517472E-05, -5.019291
4.519419E-05, -5.019291
4.521366E-05, -5.019291
4.523313E-05, -5.019291
4.52526E-05, -5.019291
4.527207E-05, -5.019291
4.529155E-05, -5.019291
4.531102E-05, -5.019291
4.533049E-05, -5.019291
4.534996E-05, -5.019291
4.536943E-05, -5.019291
4.538891E-05, -5.019291
4.540838E-05, -5.019291
4.542785E-05, -5.019291
4.544732E-05, -5.019291
4.546679E-05, -5.019291
4.548627E-05, -5.019291
4.550574E-05, -5.019291
4.552521E-05, -4.980709
4.554468E-05, -4.980709
4.556415E-05, -4.980709
4.558363E-05, -4.980709
4.56031E-05, -4.980709
4.562257E-05, -4.980709
4.564204E-05, -4.980709
4.566151E-05, -4.980709
4.568099E-05, -4.980709
4.570046E-05, -4.980709
4.571993E-05, -4.980709
4.57394E-05, -4.980709
4.575887E-05, -4.980709
4.577834E-05, -4.980709
4.579782E-05, -4.980709
4.581729E-05, -4.980709
4.583676E-05, -4.980709
4.585623E-05, -4.980709
4.58757E-05, -4.980709
4.589518E-05, -4.980709
4.591465E-05, -4.980709
4.593412E-05, -4.980709
4.595359E-05, -4.980709
4.597306E-05, -4.980709
4.599254E-05, -5.019291
4.601201E-05, -5.019291
4.603148E-05, -5.019291
4.605095E-05, -5.019291
4.607042E-05, -5.019291
4.60899E-05, -5.019291
4.610937E-05, -5.019291
4.612884E-05, -5.019291
4.614831E-05, -5.019291
4.616778E-05, -5.019291
4.618726E-05, -5.019291
4.620673E-05, -5.019291
4.62262E-05, -5.019291
4.624567E-05, -5.019291
4.626514E-05, -5.019291
4.628461E-05, -5.019291
4.630409E-05, -5.019291
4.632356E-05, -5.019291
4.634303E-05, -5.019291
4.63625E-05, -5.019291
4.638197E-05, -5.019291
4.640144E-05, -5.019291
4.642092E-05, -5.019291
4.644039E-05, -5.019291
4.645986E-05, -5.019291
4.647933E-05, -5.019291
4.64988E-05, -5.019291
4.651827E-05, -5.019291
4.653775E-05, -5.019291
4.655722E-05, -5.019291
4.657669E-05, -5.019291
4.659616E-05, -5.019291
4.661563E-05, -5.019291
4.66351E-05, -5.019291
4.665458E-05, -5.019291
4.667405E-05, -5.019291
4.669352E-05, -5.019291
4.671299E-05, -5.019291
4.673246E-05, -5.019291
4.675194E-05, -5.019291
4.677141E-05, -5.019291
4.679088E-05, -5.019291
4.681035E-05, -5.019291
4.682982E-05, -5.019291
4.68493E-05, -5.019291
4.686877E-05, -5.019291
4.688824E-05, -5.019291
4.690771E-05, -5.019291
4.692718E-05, -5.019291
4.694665E-05, -5.019291
4.696613E-05, -5.019291
4.69856E-05, -5.019291
4.700507E-05, -5.019291
4.702454E-05, -5.019291
4.704401E-05, -5.019291
4.706349E-05, -5.019291
4.708296E-05, -5.019291
4.710243E-05, -5.019291
4.71219E-05, -5.019291
4.714137E-05, -5.019291
4.716085E-05, -5.019291
4.718032E-05, -5.019291
4.719979E-05, -5.019291
4.721926E-05, -5.019291
4.723873E-05, -5.019291
4.725821E-05, -5.019291
4.727768E-05, -5.019291
4.729715E-05, -5.019291
4.731662E-05, -5.019291
4.733609E-05, -5.019291
4.735557E-05, -5.019291
4.737504E-05, -5.019291
4.739451E-05, -5.019291
4.741398E-05, -5.019291
4.743345E-05, -5.019291
4.745292E-05, -5.019291
4.74724E-05, -5.019291
4.749187E-05, -5.019291
4.751134E-05, -5.019291
4.753081E-05, -5.019291
4.755028E-05, -5.019291
4.756976E-05, -5.019291
4.758923E-05, -5.019291
4.76087E-05, -5.019291
4.762817E-05, -5.019291
4.764764E-05, -5.019291
4.766712E-05, -5.019291
4.768659E-05, -5.019291
4.770606E-05, -5.019291
4.772553E-05, -5.019291
4.7745E-05, -5.019291
4.776448E-05, -5.019291
4.778395E-05, -5.019291
4.780342E-05, -5.019291
4.782289E-05, -5.019291
4.784236E-05, -5.019291
4.786183E-05, -5.019291
4.788131E-05, -5.019291
4.790078E-05, -5.019291
4.792025E-05, -4.980709
4.793972E-05, -4.980709
4.795919E-05, -4.980709
4.797866E-05, -4.980709
4.799814E-05, -4.980709
4.801761E-05, -4.980709
4.803708E-05, -4.980709
4.805655E-05, -4.980709
4.807602E-05, -4.980709
4.80955E-05, -4.980709
4.811497E-05, -4.980709
4.813444E-05, -4.980709
4.815391E-05, -4.980709
4.817338E-05, -4.980709
4.819285E-05, -4.980709
4.821233E-05, -4.980709
4.82318E-05, -4.980709
4.825127E-05, -4.980709
4.827074E-05, -4.980709
4.829021E-05, -4.980709
4.830968E-05, -4.980709
4.832916E-05, -4.980709
4.834863E-05, -4.980709
4.83681E-05, -4.980709
4.838757E-05, -5.019291
4.840704E-05, -5.019291
4.842652E-05, -5.019291
4.844599E-05, -5.019291
4.846546E-05, -5.019291
4.848493E-05, -5.019291
4.85044E-05, -5.019291
4.852388E-05, -5.019291
4.854335E-05, -5.019291
4.856282E-05, -5.019291
4.858229E-05, -5.019291
4.860176E-05, -5.019291
4.862124E-05, -5.019291
4.864071E-05, -5.019291
4.866018E-05, -5.019291
4.867965E-05, -5.019291
4.869912E-05, -5.019291
4.871859E-05, -5.019291
4.873807E-05, -5.019291
4.875754E-05, -5.019291
4.877701E-05, -5.019291
4.879648E-05, -5.019291
4.881595E-05, -5.019291
4.883543E-05, -5.019291
4.88549E-05, -5.019291
4.887437E-05, -5.019291
4.889384E-05, -5.019291
4.891331E-05, -5.019291
4.893279E-05, -5.019291
4.895226E-05, -5.019291
4.897173E-05, -5.019291
4.89912E-05, -5.019291
4.901067E-05, -5.019291
4.903015E-05, -5.019291
4.904962E-05, -5.019291
4.906909E-05, -5.019291
4.908856E-05, -5.019291
4.910803E-05, -5.019291
4.912751E-05, -5.019291
4.914698E-05, -5.019291
4.916645E-05, -5.019291
4.918592E-05, -5.019291
4.920539E-05, -5.019291
4.922486E-05, -5.019291
4.924434E-05, -5.019291
4.926381E-05, -5.019291
4.928328E-05, -5.019291
4.930275E-05, -5.019291
4.932222E-05, -5.019291
4.93417E-05, -5.019291
4.936117E-05, -5.019291
4.938064E-05, -5.019291
4.940011E-05, -5.019291
4.941958E-05, -5.019291
4.943906E-05, -5.019291
4.945853E-05, -5.019291
4.9478E-05, -5.019291
4.949747E-05, -5.019291
4.951694E-05, -5.019291
4.953641E-05, -5.019291
4.955589E-05, -5.019291
4.957536E-05, -5.019291
4.959483E-05, -5.019291
4.96143E-05, -5.019291
4.963377E-05, -5.019291
4.965324E-05, -5.019291
4.967272E-05, -5.019291
4.969219E-05, -5.019291
4.971166E-05, -5.019291
4.973113E-05, -5.019291
4.97506E-05, -5.019291
4.977007E-05, -5.019291
4.978955E-05, -5.019291
4.980902E-05, -5.019291
4.982849E-05, -5.019291
4.984796E-05, -5.019291
4.986743E-05, -5.019291
4.988691E-05, -5.019291
4.990638E-05, -5.019291
4.992585E-05, -5.019291
4.994532E-05, -5.019291
4.996479E-05, -5.019291
4.998426E-05, -5.019291
5.000374E-05, -5.019291
5.002321E-05, -5.019291
5.004268E-05, -5.019291
5.006215E-05, -5.019291
5.008162E-05, -5.019291
5.01011E-05, -5.019291
5.012057E-05, -5.019291
5.014004E-05, -5.019291
5.015951E-05, -5.019291
5.017898E-05, -5.019291
5.019846E-05, -5.019291
5.021793E-05, -5.019291
5.02374E-05, -5.019291
5.025687E-05, -5.019291
5.027634E-05, -5.019291
5.029582E-05, -4.980709
5.031529E-05, -4.980709
5.033476E-05, -4.980709
5.035423E-05, -4.980709
5.03737E-05, -4.980709
5.039318E-05, -4.980709
5.041265E-05, -4.980709
5.043212E-05, -4.980709
5.045159E-05, -4.980709
5.047106E-05, -4.980709
5.049053E-05, -4.980709
5.051001E-05, -4.980709
5.052948E-05, -4.980709
5.054895E-05, -4.980709
5.056842E-05, -4.980709
5.058789E-05, -4.980709
5.060737E-05, -4.980709
5.062684E-05, -4.980709
5.064631E-05, -4.980709
5.066578E-05, -4.980709
5.068525E-05, -4.980709
5.070473E-05, -4.980709
5.07242E-05, -4.980709
5.074367E-05, -4.980709
5.076314E-05, -4.980709
5.078261E-05, -5.019291
5.080209E-05, -5.019291
5.082156E-05, -5.019291
5.084103E-05, -5.019291
5.08605E-05, -5.019291
5.087997E-05, -5.019291
5.089945E-05, -5.019291
5.091892E-05, -5.019291
5.093839E-05, -5.019291
5.095786E-05, -5.019291
5.097733E-05, -5.019291
5.09968E-05, -5.019291
5.101628E-05, -5.019291
5.103575E-05, -5.019291
5.105522E-05, -5.019291
5.107469E-05, -5.019291
5.109416E-05, -5.019291
5.111363E-05, -5.019291
5.113311E-05, -5.019291
5.115258E-05, -5.019291
5.117205E-05, -5.019291
5.119152E-05, -5.019291
5.121099E-05, -5.019291
5.123047E-05, -5.019291
5.124994E-05, -5.019291
5.126941E-05, -5.019291
5.128888E-05, -5.019291
5.130835E-05, -5.019291
5.132782E-05, -5.019291
5.13473E-05, -5.019291
5.136677E-05, -5.019291
5.138624E-05, -5.019291
5.140571E-05, -5.019291
5.142518E-05, -5.019291
5.144465E-05, -5.019291
5.146413E-05, -5.019291
5.14836E-05, -5.019291
5.150307E-05, -5.019291
5.152254E-05, -5.019291
5.154201E-05, -5.019291
5.156149E-05, -5.019291
5.158096E-05, -5.019291
5.160043E-05, -5.019291
5.16199E-05, -5.019291
5.163937E-05, -5.019291
5.165884E-05, -5.019291
5.167832E-05, -5.019291
5.169779E-05, -5.019291
5.171726E-05, -5.019291
5.173673E-05, -5.019291
5.17562E-05, -5.019291
5.177568E-05, -5.019291
5.179515E-05, -5.019291
5.181462E-05, -5.019291
5.183409E-05, -5.019291
5.185356E-05, -5.019291
5.187304E-05, -5.019291
5.189251E-05, -5.019291
5.191198E-05, -5.019291
5.193145E-05, -5.019291
5.195092E-05, -5.019291
5.19704E-05, -5.019291
5.198987E-05, -5.019291
5.200934E-05, -5.019291
5.202881E-05, -5.019291
5.204828E-05, -5.019291
5.206776E-05, -5.019291
5.208723E-05, -5.019291
5.21067E-05, -5.019291
5.212617E-05, -5.019291
5.214564E-05, -5.019291
5.216511E-05, -5.019291
5.218459E-05, -5.019291
5.220406E-05, -5.019291
5.222353E-05, -5.019291
5.2243E-05, -5.019291
5.226247E-05, -5.019291
5.228195E-05, -5.019291
5.230142E-05, -5.019291
5.232089E-05, -5.019291
5.234036E-05, -5.019291
5.235983E-05, -5.019291
5.237931E-05, -5.019291
5.239878E-05, -5.019291
5.241825E-05, -5.019291
5.243772E-05, -5.019291
5.245719E-05, -5.019291
5.247667E-05, -5.019291
5.249614E-05, -5.019291
5.251561E-05, -5.019291
5.253508E-05, -5.019291
5.255455E-05, -5.019291
5.257403E-05, -5.019291
5.25935E-05, -5.019291
5.261297E-05, -5.019291
5.263244E-05, -5.019291
5.265191E-05, -5.019291
5.267138E-05, -5.019291
5.269086E-05, -5.019291
5.271033E-05, -4.980709
5.27298E-05, -4.980709
5.274927E-05, -4.980709
5.276874E-05, -4.980709
5.278821E-05, -4.980709
5.280769E-05, -4.980709
5.282716E-05, -4.980709
5.284663E-05, -4.980709
5.28661E-05, -4.980709
5.288557E-05, -4.980709
5.290504E-05, -4.980709
5.292452E-05, -4.980709
5.294399E-05, -4.980709
5.296346E-05, -4.980709
5.298293E-05, -4.980709
5.30024E-05, -4.980709
5.302187E-05, -4.980709
5.304135E-05, -4.980709
5.306082E-05, -4.980709
5.308029E-05, -4.980709
5.309976E-05, -4.980709
5.311923E-05, -4.980709
5.313871E-05, -4.980709
5.315818E-05, -4.980709
5.317765E-05, -5.019291
5.319712E-05, -5.019291
5.321659E-05, -5.019291
5.323607E-05, -5.019291
5.325554E-05, -5.019291
5.327501E-05, -5.019291
5.329448E-05, -5.019291
5.331395E-05, -5.019291
5.333343E-05, -5.019291
5.33529E-05, -5.019291
5.337237E-05, -5.019291
5.339184E-05, -5.019291
5.341131E-05, -5.019291
5.343078E-05, -5.019291
5.345026E-05, -5.019291
5.346973E-05, -5.019291
5.34892E-05, -5.019291
5.350867E-05, -5.019291
5.352814E-05, -5.019291
5.354762E-05, -5.019291
5.356709E-05, -5.019291
5.358656E-05, -5.019291
5.360603E-05, -5.019291
5.36255E-05, -5.019291
5.364498E-05, -5.019291
5.366445E-05, -5.019291
5.368392E-05, -5.019291
5.370339E-05, -5.019291
5.372286E-05, -5.019291
5.374234E-05, -5.019291
5.376181E-05, -5.019291
5.378128E-05, -5.019291
5.380075E-05, -5.019291
5.382022E-05, -5.019291
5.38397E-05, -5.019291
5.385917E-05, -5.019291
5.387864E-05, -5.019291
5.389811E-05, -5.019291
5.391758E-05, -5.019291
5.393705E-05, -5.019291
5.395653E-05, -5.019291
5.3976E-05, -5.019291
5.399547E-05, -5.019291
5.401494E-05, -5.019291
5.403441E-05, -5.019291
5.405389E-05, -5.019291
5.407336E-05, -5.019291
5.409283E-05, -5.019291
5.41123E-05, -5.019291
5.413177E-05, -5.019291
5.415125E-05, -5.019291
5.417072E-05, -5.019291
5.419019E-05, -5.019291
5.420966E-05, -5.019291
5.422913E-05, -5.019291
5.424861E-05, -5.019291
5.426808E-05, -5.019291
5.428755E-05, -5.019291
5.430702E-05, -5.019291
5.432649E-05, -5.019291
5.434596E-05, -5.019291
5.436544E-05, -5.019291
5.438491E-05, -5.019291
5.440438E-05, -5.019291
5.442385E-05, -5.019291
5.444332E-05, -5.019291
5.446279E-05, -5.019291
5.448227E-05, -5.019291
5.450174E-05, -5.019291
5.452121E-05, -5.019291
5.454068E-05, -5.019291
5.456015E-05, -5.019291
5.457962E-05, -5.019291
5.45991E-05, -5.019291
5.461857E-05, -5.019291
5.463804E-05, -5.019291
5.465751E-05, -5.019291
5.467698E-05, -5.019291
5.469645E-05, -5.019291
5.471593E-05, -5.019291
5.47354E-05, -5.019291
5.475487E-05, -5.019291
5.477434E-05, -5.019291
5.479381E-05, -5.019291
5.481329E-05, -5.019291
5.483276E-05, -5.019291
5.485223E-05, -5.019291
5.48717E-05, -5.019291
5.489117E-05, -5.019291
5.491065E-05, -5.019291
5.493012E-05, -5.019291
5.494959E-05, -5.019291
5.496906E-05, -5.019291
5.498853E-05, -5.019291
5.500801E-05, -5.019291
5.502748E-05, -5.019291
5.504695E-05, -5.019291
5.506642E-05, -5.019291
5.508589E-05, -5.019291
5.510537E-05, -4.980709
5.512484E-05, -4.980709
5.514431E-05, -4.980709
5.516378E-05, -4.980709
5.518325E-05, -4.980709
5.520272E-05, -4.980709
5.52222E-05, -4.980709
5.524167E-05, -4.980709
5.526114E-05, -4.980709
5.528061E-05, -4.980709
5.530008E-05, -4.980709
5.531956E-05, -4.980709
5.533903E-05, -4.980709
5.53585E-05, -4.980709
5.537797E-05, -4.980709
5.539744E-05, -4.980709
5.541692E-05, -4.980709
5.543639E-05, -4.980709
5.545586E-05, -4.980709
5.547533E-05, -4.980709
5.54948E-05, -4.980709
5.551428E-05, -4.980709
5.553375E-05, -4.980709
5.555322E-05, -4.980709
5.557269E-05, -5.019291
5.559216E-05, -5.019291
5.561163E-05, -5.019291
5.563111E-05, -5.019291
5.565058E-05, -5.019291
5.567005E-05, -5.019291
5.568952E-05, -5.019291
5.570899E-05, -5.019291
5.572847E-05, -5.019291
5.574794E-05, -5.019291
5.576741E-05, -5.019291
5.578688E-05, -5.019291
5.580635E-05, -5.019291
5.582583E-05, -5.019291
5.58453E-05, -5.019291
5.586477E-05, -5.019291
5.588424E-05, -5.019291
5.590371E-05, -5.019291
5.592318E-05, -5.019291
5.594266E-05, -5.019291
5.596213E-05, -5.019291
5.59816E-05, -5.019291
5.600107E-05, -5.019291
5.602054E-05, -5.019291
5.604001E-05, -5.019291
5.605949E-05, -5.019291
5.607896E-05, -5.019291
5.609843E-05, -5.019291
5.61179E-05, -5.019291
5.613737E-05, -5.019291
5.615684E-05, -5.019291
5.617632E-05, -5.019291
5.619579E-05, -5.019291
5.621526E-05, -5.019291
5.623473E-05, -5.019291
5.62542E-05, -5.019291
5.627368E-05, -5.019291
5.629315E-05, -5.019291
5.631262E-05, -5.019291
5.633209E-05, -5.019291
5.635156E-05, -5.019291
5.637103E-05, -5.019291
5.639051E-05, -5.019291
5.640998E-05, -5.019291
5.642945E-05, -5.019291
5.644892E-05, -5.019291
5.646839E-05, -5.019291
5.648787E-05, -5.019291
5.650734E-05, -5.019291
5.652681E-05, -5.019291
5.654628E-05, -5.019291
5.656575E-05, -5.019291
5.658523E-05, -5.019291
5.66047E-05, -5.019291
5.662417E-05, -5.019291
5.664364E-05, -5.019291
5.666311E-05, -5.019291
5.668259E-05, -5.019291
5.670206E-05, -5.019291
5.672153E-05, -5.019291
5.6741E-05, -5.019291
5.676047E-05, -5.019291
5.677995E-05, -5.019291
5.679942E-05, -5.019291
5.681889E-05, -5.019291
5.683836E-05, -5.019291
5.685783E-05, -5.019291
5.68773E-05, -5.019291
5.689678E-05, -5.019291
5.691625E-05, -5.019291
5.693572E-05, -5.019291
5.695519E-05, -5.019291
5.697466E-05, -5.019291
5.699414E-05, -5.019291
5.701361E-05, -5.019291
5.703308E-05, -5.019291
5.705255E-05, -5.019291
5.707202E-05, -5.019291
5.70915E-05, -5.019291
5.711097E-05, -5.019291
5.713044E-05, -5.019291
5.714991E-05, -5.019291
5.716938E-05, -5.019291
5.718886E-05, -5.019291
5.720833E-05, -5.019291
5.72278E-05, -5.019291
5.724727E-05, -5.019291
5.726674E-05, -5.019291
5.728622E-05, -5.019291
5.730569E-05, -5.019291
5.732516E-05, -5.019291
5.734463E-05, -5.019291
5.73641E-05, -5.019291
5.738357E-05, -5.019291
5.740305E-05, -5.019291
5.742252E-05, -5.019291
5.744199E-05, -5.019291
5.746146E-05, -5.019291
5.748093E-05, -5.019291
5.750041E-05, -4.980709
5.751988E-05, -4.980709
5.753935E-05, -4.980709
5.755882E-05, -4.980709
5.757829E-05, -4.980709
5.759776E-05, -4.980709
5.761724E-05, -4.980709
5.763671E-05, -4.980709
5.765618E-05, -4.980709
5.767565E-05, -4.980709
5.769512E-05, -4.980709
5.771459E-05, -4.980709
5.773407E-05, -4.980709
5.775354E-05, -4.980709
5.777301E-05, -4.980709
5.779248E-05, -4.980709
5.781195E-05, -4.980709
5.783142E-05, -4.980709
5.78509E-05, -4.980709
5.787037E-05, -4.980709
5.788984E-05, -4.980709
5.790931E-05, -4.980709
5.792878E-05, -4.980709
5.794826E-05, -4.980709
5.796773E-05, -5.019291
5.79872E-05, -5.019291
5.800667E-05, -5.019291
5.802614E-05, -5.019291
5.804562E-05, -5.019291
5.806509E-05, -5.019291
5.808456E-05, -5.019291
5.810403E-05, -5.019291
5.81235E-05, -5.019291
5.814297E-05, -5.019291
5.816245E-05, -5.019291
5.818192E-05, -5.019291
5.820139E-05, -5.019291
5.822086E-05, -5.019291
5.824033E-05, -5.019291
5.825981E-05, -5.019291
5.827928E-05, -5.019291
5.829875E-05, -5.019291
5.831822E-05, -5.019291
5.833769E-05, -5.019291
5.835717E-05, -5.019291
5.837664E-05, -5.019291
5.839611E-05, -5.019291
5.841558E-05, -5.019291
5.843505E-05, -5.019291
5.845453E-05, -5.019291
5.8474E-05, -5.019291
5.849347E-05, -5.019291
5.851294E-05, -5.019291
5.853241E-05, -5.019291
5.855189E-05, -5.019291
5.857136E-05, -5.019291
5.859083E-05, -5.019291
5.86103E-05, -5.019291
5.862977E-05, -5.019291
5.864924E-05, -5.019291
5.866872E-05, -5.019291
5.868819E-05, -5.019291
5.870766E-05, -5.019291
5.872713E-05, -5.019291
5.87466E-05, -5.019291
5.876608E-05, -5.019291
5.878555E-05, -5.019291
5.880502E-05, -5.019291
5.882449E-05, -5.019291
5.884396E-05, -5.019291
5.886344E-05, -5.019291
5.888291E-05, -5.019291
5.890238E-05, -5.019291
5.892185E-05, -5.019291
5.894132E-05, -5.019291
5.89608E-05, -5.019291
5.898027E-05, -5.019291
5.899974E-05, -5.019291
5.901921E-05, -5.019291
5.903868E-05, -5.019291
5.905815E-05, -5.019291
5.907763E-05, -5.019291
5.90971E-05, -5.019291
5.911657E-05, -5.019291
5.913604E-05, -5.019291
5.915551E-05, -5.019291
5.917498E-05, -5.019291
5.919446E-05, -5.019291
5.921393E-05, -5.019291
5.92334E-05, -5.019291
5.925287E-05, -5.019291
5.927234E-05, -5.019291
5.929181E-05, -5.019291
5.931129E-05, -5.019291
5.933076E-05, -5.019291
5.935023E-05, -5.019291
5.93697E-05, -5.019291
5.938917E-05, -5.019291
5.940865E-05, -5.019291
5.942812E-05, -5.019291
5.944759E-05, -5.019291
5.946706E-05, -5.019291
5.948653E-05, -5.019291
5.9506E-05, -5.019291
5.952548E-05, -5.019291
5.954495E-05, -5.019291
5.956442E-05, -5.019291
5.958389E-05, -5.019291
5.960336E-05, -5.019291
5.962284E-05, -5.019291
5.964231E-05, -5.019291
5.966178E-05, -5.019291
5.968125E-05, -5.019291
5.970072E-05, -5.019291
5.97202E-05, -5.019291
5.973967E-05, -5.019291
5.975914E-05, -5.019291
5.977861E-05, -5.019291
5.979808E-05, -5.019291
5.981755E-05, -5.019291
5.983703E-05, -5.019291
5.98565E-05, -5.019291
5.987597E-05, -5.019291
5.989544E-05, -4.980709
5.991491E-05, -4.980709
5.993439E-05, -4.980709
5.995386E-05, -4.980709
5.997333E-05, -4.980709
5.99928E-05, -4.980709
6.001227E-05, -4.980709
6.003175E-05, -4.980709
6.005122E-05, -4.980709
6.007069E-05, -4.980709
6.009016E-05, -4.980709
6.010963E-05, -4.980709
6.012911E-05, -4.980709
6.014858E-05, -4.980709
6.016805E-05, -4.980709
6.018752E-05, -4.980709
6.020699E-05, -4.980709
6.022647E-05, -4.980709
6.024594E-05, -4.980709
6.026541E-05, -4.980709
6.028488E-05, -4.980709
6.030435E-05, -4.980709
6.032382E-05, -4.980709
6.03433E-05, -4.980709
6.036277E-05, -5.019291
6.038224E-05, -5.019291
6.040171E-05, -5.019291
6.042118E-05, -5.019291
6.044066E-05, -5.019291
6.046013E-05, -5.019291
6.04796E-05, -5.019291
6.049907E-05, -5.019291
6.051854E-05, -5.019291
6.053802E-05, -5.019291
6.055749E-05, -5.019291
6.057696E-05, -5.019291
6.059643E-05, -5.019291
6.06159E-05, -5.019291
6.063538E-05, -5.019291
6.065485E-05, -5.019291
6.067432E-05, -5.019291
6.069379E-05, -5.019291
6.071326E-05, -5.019291
6.073273E-05, -5.019291
6.075221E-05, -5.019291
6.077168E-05, -5.019291
6.079115E-05, -5.019291
6.081062E-05, -5.019291
6.083009E-05, -5.019291
6.084956E-05, -5.019291
6.086904E-05, -5.019291
6.088851E-05, -5.019291
6.090798E-05, -5.019291
6.092745E-05, -5.019291
6.094692E-05, -5.019291
6.096639E-05, -5.019291
6.098587E-05, -5.019291
6.100534E-05, -5.019291
6.102481E-05, -5.019291
6.104428E-05, -5.019291
6.106376E-05, -5.019291
6.108323E-05, -5.019291
6.11027E-05, -5.019291
6.112217E-05, -5.019291
6.114164E-05, -5.019291
6.116112E-05, -5.019291
6.118059E-05, -5.019291
6.120006E-05, -5.019291
6.121953E-05, -5.019291
6.1239E-05, -5.019291
6.125847E-05, -5.019291
6.127795E-05, -5.019291
6.129742E-05, -5.019291
6.131689E-05, -5.019291
6.133636E-05, -5.019291
6.135583E-05, -5.019291
6.137531E-05, -5.019291
6.139478E-05, -5.019291
6.141425E-05, -5.019291
6.143372E-05, -5.019291
6.145319E-05, -5.019291
6.147267E-05, -5.019291
6.149214E-05, -5.019291
6.151161E-05, -5.019291
6.153108E-05, -5.019291
6.155055E-05, -5.019291
6.157003E-05, -5.019291
6.15895E-05, -5.019291
6.160897E-05, -5.019291
6.162844E-05, -5.019291
6.164791E-05, -5.019291
6.166739E-05, -5.019291
6.168686E-05, -5.019291
6.170633E-05, -5.019291
6.17258E-05, -5.019291
6.174527E-05, -5.019291
6.176474E-05, -5.019291
6.178422E-05, -5.019291
6.180369E-05, -5.019291
6.182316E-05, -5.019291
6.184263E-05, -5.019291
6.18621E-05, -5.019291
6.188158E-05, -5.019291
6.190105E-05, -5.019291
6.192052E-05, -5.019291
6.193999E-05, -5.019291
6.195946E-05, -5.019291
6.197894E-05, -5.019291
6.199841E-05, -5.019291
6.201788E-05, -5.019291
6.203735E-05, -5.019291
6.205682E-05, -5.019291
6.207629E-05, -5.019291
6.209577E-05, -5.019291
6.211524E-05, -5.019291
6.213471E-05, -5.019291
6.215418E-05, -5.019291
6.217365E-05, -5.019291
6.219312E-05, -5.019291
6.22126E-05, -5.019291
6.223207E-05, -5.019291
6.225154E-05, -5.019291
6.227101E-05, -5.019291
6.229048E-05, -4.980709
6.230995E-05, -4.980709
6.232943E-05, -4.980709
6.23489E-05, -4.980709
6.236837E-05, -4.980709
6.238784E-05, -4.980709
6.240731E-05, -4.980709
6.242679E-05, -4.980709
6.244626E-05, -4.980709
6.246573E-05, -4.980709
6.24852E-05, -4.980709
6.250467E-05, -4.980709
6.252414E-05, -4.980709
6.254362E-05, -4.980709
6.256309E-05, -4.980709
6.258256E-05, -4.980709
6.260203E-05, -4.980709
6.26215E-05, -4.980709
6.264097E-05, -4.980709
6.266045E-05, -4.980709
6.267992E-05, -4.980709
6.269939E-05, -4.980709
6.271886E-05, -4.980709
6.273833E-05, -4.980709
6.27578E-05, -5.019291
6.277728E-05, -5.019291
6.279675E-05, -5.019291
6.281622E-05, -5.019291
6.283569E-05, -5.019291
6.285516E-05, -5.019291
6.287463E-05, -5.019291
6.289411E-05, -5.019291
6.291358E-05, -5.019291
6.293305E-05, -5.019291
6.295252E-05, -5.019291
6.297199E-05, -5.019291
6.299147E-05, -5.019291
6.301094E-05, -5.019291
6.303041E-05, -5.019291
6.304988E-05, -5.019291
6.306935E-05, -5.019291
6.308883E-05, -5.019291
6.31083E-05, -5.019291
6.312777E-05, -5.019291
6.314724E-05, -5.019291
6.316671E-05, -5.019291
6.318618E-05, -5.019291
6.320566E-05, -5.019291
6.322513E-05, -5.019291
6.32446E-05, -5.019291
6.326407E-05, -5.019291
6.328354E-05, -5.019291
6.330302E-05, -5.019291
6.332249E-05, -5.019291
6.334196E-05, -5.019291
6.336143E-05, -5.019291
6.33809E-05, -5.019291
6.340038E-05, -5.019291
6.341985E-05, -5.019291
6.343932E-05, -5.019291
6.345879E-05, -5.019291
6.347826E-05, -5.019291
6.349774E-05, -5.019291
6.351721E-05, -5.019291
6.353668E-05, -5.019291
6.355615E-05, -5.019291
6.357562E-05, -5.019291
6.35951E-05, -5.019291
6.361457E-05, -5.019291
6.363404E-05, -5.019291
6.365351E-05, -5.019291
6.367298E-05, -5.019291
6.369245E-05, -5.019291
6.371193E-05, -5.019291
6.37314E-05, -5.019291
6.375087E-05, -5.019291
6.377034E-05, -5.019291
6.378981E-05, -5.019291
6.380929E-05, -5.019291
6.382876E-05, -5.019291
6.384823E-05, -5.019291
6.38677E-05, -5.019291
6.388717E-05, -5.019291
6.390665E-05, -5.019291
6.392612E-05, -5.019291
6.394559E-05, -5.019291
6.396506E-05, -5.019291
6.398453E-05, -5.019291
6.400401E-05, -5.019291
6.402348E-05, -5.019291
6.404295E-05, -5.019291
6.406242E-05, -5.019291
6.408189E-05, -5.019291
6.410137E-05, -5.019291
6.412084E-05, -5.019291
6.414031E-05, -5.019291
6.415978E-05, -5.019291
6.417925E-05, -5.019291
6.419872E-05, -5.019291
6.42182E-05, -5.019291
6.423767E-05, -5.019291
6.425714E-05, -5.019291
6.427661E-05, -5.019291
6.429608E-05, -5.019291
6.431556E-05, -5.019291
6.433503E-05, -5.019291
6.43545E-05, -5.019291
6.437397E-05, -5.019291
6.439344E-05, -5.019291
6.441292E-05, -5.019291
6.443239E-05, -5.019291
6.445186E-05, -5.019291
6.447133E-05, -5.019291
6.44908E-05, -5.019291
6.451028E-05, -5.019291
6.452975E-05, -5.019291
6.454922E-05, -5.019291
6.456869E-05, -5.019291
6.458816E-05, -5.019291
6.460764E-05, -5.019291
6.462711E-05, -5.019291
6.464658E-05, -5.019291
6.466605E-05, -5.019291
6.468552E-05, -4.980709
6.470499E-05, -4.980709
6.472447E-05, -4.980709
6.474394E-05, -4.980709
6.476341E-05, -4.980709
6.478288E-05, -4.980709
6.480235E-05, -4.980709
6.482183E-05, -4.980709
6.48413E-05, -4.980709
6.486077E-05, -4.980709
6.488024E-05, -4.980709
6.489971E-05, -4.980709
6.491919E-05, -4.980709
6.493866E-05, -4.980709
6.495813E-05, -4.980709
6.49776E-05, -4.980709
6.499707E-05, -4.980709
6.501655E-05, -4.980709
6.503602E-05, -4.980709
6.505549E-05, -4.980709
6.507496E-05, -4.980709
6.509443E-05, -4.980709
6.511391E-05, -4.980709
6.513338E-05, -4.980709
6.515285E-05, -5.019291
6.517232E-05, -5.019291
6.519179E-05, -5.019291
6.521126E-05, -5.019291
6.523074E-05, -5.019291
6.525021E-05, -5.019291
6.526968E-05, -5.019291
6.528915E-05, -5.019291
6.530862E-05, -5.019291
6.532809E-05, -5.019291
6.534757E-05, -5.019291
6.536704E-05, -5.019291
6.538651E-05, -5.019291
6.540598E-05, -5.019291
6.542545E-05, -5.019291
6.544492E-05, -5.019291
6.54644E-05, -5.019291
6.548387E-05, -5.019291
6.550334E-05, -5.019291
6.552281E-05, -5.019291
6.554228E-05, -5.019291
6.556176E-05, -5.019291
6.558123E-05, -5.019291
6.56007E-05, -5.019291
6.562017E-05, -5.019291
6.563964E-05, -5.019291
6.565911E-05, -5.019291
6.567859E-05, -5.019291
6.569806E-05, -5.019291
6.571753E-05, -5.019291
6.5737E-05, -5.019291
6.575647E-05, -5.019291
6.577594E-05, -5.019291
6.579542E-05, -5.019291
6.581489E-05, -5.019291
6.583436E-05, -5.019291
6.585383E-05, -5.019291
6.58733E-05, -5.019291
6.589277E-05, -5.019291
6.591225E-05, -5.019291
6.593172E-05, -5.019291
6.595119E-05, -5.019291
6.597066E-05, -5.019291
6.599013E-05, -5.019291
6.60096E-05, -5.019291
6.602908E-05, -5.019291
6.604855E-05, -5.019291
6.606802E-05, -5.019291
6.608749E-05, -5.019291
6.610696E-05, -5.019291
6.612644E-05, -5.019291
6.614591E-05, -5.019291
6.616538E-05, -5.019291
6.618485E-05, -5.019291
6.620432E-05, -5.019291
6.622379E-05, -5.019291
6.624327E-05, -5.019291
6.626274E-05, -5.019291
6.628221E-05, -5.019291
6.630168E-05, -5.019291
6.632115E-05, -5.019291
6.634063E-05, -5.019291
6.63601E-05, -5.019291
6.637957E-05, -5.019291
6.639904E-05, -5.019291
6.641851E-05, -5.019291
6.643799E-05, -5.019291
6.645746E-05, -5.019291
6.647693E-05, -5.019291
6.64964E-05, -5.019291
6.651587E-05, -5.019291
6.653535E-05, -5.019291
6.655482E-05, -5.019291
6.657429E-05, -5.019291
6.659376E-05, -5.019291
6.661323E-05, -5.019291
6.66327E-05, -5.019291
6.665218E-05, -5.019291
6.667165E-05, -5.019291
6.669112E-05, -5.019291
6.671059E-05, -5.019291
6.673006E-05, -5.019291
6.674954E-05, -5.019291
6.676901E-05, -5.019291
6.678848E-05, -5.019291
6.680795E-05, -5.019291
6.682742E-05, -5.019291
6.68469E-05, -5.019291
6.686637E-05, -5.019291
6.688584E-05, -5.019291
6.690531E-05, -5.019291
6.692478E-05, -5.019291
6.694426E-05, -5.019291
6.696373E-05, -5.019291
6.69832E-05, -5.019291
6.700267E-05, -5.019291
6.702214E-05, -5.019291
6.704162E-05, -5.019291
6.706109E-05, -4.980709
6.708056E-05, -4.980709
6.710003E-05, -4.980709
6.71195E-05, -4.980709
6.713897E-05, -4.980709
6.715845E-05, -4.980709
6.717792E-05, -4.980709
6.719739E-05, -4.980709
6.721686E-05, -4.980709
6.723633E-05, -4.980709
6.725581E-05, -4.980709
6.727528E-05, -4.980709
6.729475E-05, -4.980709
6.731422E-05, -4.980709
6.733369E-05, -4.980709
6.735317E-05, -4.980709
6.737264E-05, -4.980709
6.739211E-05, -4.980709
6.741158E-05, -4.980709
6.743105E-05, -4.980709
6.745053E-05, -4.980709
6.747E-05, -4.980709
6.748947E-05, -4.980709
6.750894E-05, -4.980709
6.752841E-05, -4.980709
6.754789E-05, -5.019291
6.756736E-05, -5.019291
6.758683E-05, -5.019291
6.76063E-05, -5.019291
6.762577E-05, -5.019291
6.764524E-05, -5.019291
6.766472E-05, -5.019291
6.768419E-05, -5.019291
6.770366E-05, -5.019291
6.772313E-05, -5.019291
6.77426E-05, -5.019291
6.776208E-05, -5.019291
6.778155E-05, -5.019291
6.780102E-05, -5.019291
6.782049E-05, -5.019291
6.783996E-05, -5.019291
6.785944E-05, -5.019291
6.787891E-05, -5.019291
6.789838E-05, -5.019291
6.791785E-05, -5.019291
6.793732E-05, -5.019291
6.79568E-05, -5.019291
6.797627E-05, -5.019291
6.799574E-05, -5.019291
6.801521E-05, -5.019291
6.803468E-05, -5.019291
6.805416E-05, -5.019291
6.807363E-05, -5.019291
6.80931E-05, -5.019291
6.811257E-05, -5.019291
6.813204E-05, -5.019291
6.815151E-05, -5.019291
6.817099E-05, -5.019291
6.819046E-05, -5.019291
6.820993E-05, -5.019291
6.82294E-05, -5.019291
6.824887E-05, -5.019291
6.826835E-05, -5.019291
6.828782E-05, -5.019291
6.830729E-05, -5.019291
6.832676E-05, -5.019291
6.834623E-05, -5.019291
6.836571E-05, -5.019291
6.838518E-05, -5.019291
6.840465E-05, -5.019291
6.842412E-05, -5.019291
6.844359E-05, -5.019291
6.846306E-05, -5.019291
6.848254E-05, -5.019291
6.850201E-05, -5.019291
6.852148E-05, -5.019291
6.854095E-05, -5.019291
6.856042E-05, -5.019291
6.85799E-05, -5.019291
6.859937E-05, -5.019291
6.861884E-05, -5.019291
6.863831E-05, -5.019291
6.865778E-05, -5.019291
6.867725E-05, -5.019291
6.869673E-05, -5.019291
6.87162E-05, -5.019291
6.873567E-05, -5.019291
6.875514E-05, -5.019291
6.877461E-05, -5.019291
6.879408E-05, -5.019291
6.881356E-05, -5.019291
6.883303E-05, -5.019291
6.88525E-05, -5.019291
6.887197E-05, -5.019291
6.889144E-05, -5.019291
6.891091E-05, -5.019291
6.893039E-05, -5.019291
6.894986E-05, -5.019291
6.896933E-05, -5.019291
6.89888E-05, -5.019291
6.900827E-05, -5.019291
6.902774E-05, -5.019291
6.904722E-05, -5.019291
6.906669E-05, -5.019291
6.908616E-05, -5.019291
6.910563E-05, -5.019291
6.91251E-05, -5.019291
6.914457E-05, -5.019291
6.916405E-05, -5.019291
6.918352E-05, -5.019291
6.920299E-05, -5.019291
6.922246E-05, -5.019291
6.924193E-05, -5.019291
6.92614E-05, -5.019291
6.928088E-05, -5.019291
6.930035E-05, -5.019291
6.931982E-05, -5.019291
6.933929E-05, -5.019291
6.935876E-05, -5.019291
6.937824E-05, -5.019291
6.939771E-05, -5.019291
6.941718E-05, -5.019291
6.943665E-05, -5.019291
6.945612E-05, -5.019291
6.94756E-05, -4.980709
6.949507E-05, -4.980709
6.951454E-05, -4.980709
6.953401E-05, -4.980709
6.955348E-05, -4.980709
6.957296E-05, -4.980709
6.959243E-05, -4.980709
6.96119E-05, -4.980709
6.963137E-05, -4.980709
6.965084E-05, -4.980709
6.967031E-05, -4.980709
6.968979E-05, -4.980709
6.970926E-05, -4.980709
6.972873E-05, -4.980709
6.97482E-05, -4.980709
6.976767E-05, -4.980709
6.978715E-05, -4.980709
6.980662E-05, -4.980709
6.982609E-05, -4.980709
6.984556E-05, -4.980709
6.986503E-05, -4.980709
6.988451E-05, -4.980709
6.990398E-05, -4.980709
6.992345E-05, -4.980709
6.994292E-05, -5.019291
6.996239E-05, -5.019291
6.998187E-05, -5.019291
7.000134E-05, -5.019291
7.002081E-05, -5.019291
7.004028E-05, -5.019291
7.005975E-05, -5.019291
7.007923E-05, -5.019291
7.00987E-05, -5.019291
7.011817E-05, -5.019291
7.013764E-05, -5.019291
7.015711E-05, -5.019291
7.017658E-05, -5.019291
7.019606E-05, -5.019291
7.021553E-05, -5.019291
7.0235E-05, -5.019291
7.025447E-05, -5.019291
7.027394E-05, -5.019291
7.029342E-05, -5.019291
7.031289E-05, -5.019291
7.033236E-05, -5.019291
7.035183E-05, -5.019291
7.03713E-05, -5.019291
7.039078E-05, -5.019291
7.041025E-05, -5.019291
7.042972E-05, -5.019291
7.044919E-05, -5.019291
7.046866E-05, -5.019291
7.048814E-05, -5.019291
7.050761E-05, -5.019291
7.052708E-05, -5.019291
7.054655E-05, -5.019291
7.056602E-05, -5.019291
7.05855E-05, -5.019291
7.060497E-05, -5.019291
7.062444E-05, -5.019291
7.064391E-05, -5.019291
7.066338E-05, -5.019291
7.068285E-05, -5.019291
7.070233E-05, -5.019291
7.07218E-05, -5.019291
7.074127E-05, -5.019291
7.076074E-05, -5.019291
7.078021E-05, -5.019291
7.079969E-05, -5.019291
7.081916E-05, -5.019291
7.083863E-05, -5.019291
7.08581E-05, -5.019291
7.087757E-05, -5.019291
7.089705E-05, -5.019291
7.091652E-05, -5.019291
7.093599E-05, -5.019291
7.095546E-05, -5.019291
7.097493E-05, -5.019291
7.099441E-05, -5.019291
7.101388E-05, -5.019291
7.103335E-05, -5.019291
7.105282E-05, -5.019291
7.107229E-05, -5.019291
7.109176E-05, -5.019291
7.111124E-05, -5.019291
7.113071E-05, -5.019291
7.115018E-05, -5.019291
7.116965E-05, -5.019291
7.118912E-05, -5.019291
7.12086E-05, -5.019291
7.122807E-05, -5.019291
7.124754E-05, -5.019291
7.126701E-05, -5.019291
7.128648E-05, -5.019291
7.130596E-05, -5.019291
7.132543E-05, -5.019291
7.13449E-05, -5.019291
7.136437E-05, -5.019291
7.138384E-05, -5.019291
7.140332E-05, -5.019291
7.142279E-05, -5.019291
7.144226E-05, -5.019291
7.146173E-05, -5.019291
7.14812E-05, -5.019291
7.150068E-05, -5.019291
7.152015E-05, -5.019291
7.153962E-05, -5.019291
7.155909E-05, -5.019291
7.157856E-05, -5.019291
7.159803E-05, -5.019291
7.161751E-05, -5.019291
7.163698E-05, -5.019291
7.165645E-05, -5.019291
7.167592E-05, -5.019291
7.169539E-05, -5.019291
7.171487E-05, -5.019291
7.173434E-05, -5.019291
7.175381E-05, -5.019291
7.177328E-05, -5.019291
7.179275E-05, -5.019291
7.181222E-05, -5.019291
7.18317E-05, -5.019291
7.185117E-05, -5.019291
7.187064E-05, -4.980709
7.189011E-05, -4.980709
7.190958E-05, -4.980709
7.192905E-05, -4.980709
7.194853E-05, -4.980709
7.1968E-05, -4.980709
7.198747E-05, -4.980709
7.200694E-05, -4.980709
7.202641E-05, -4.980709
7.204588E-05, -4.980709
7.206536E-05, -4.980709
7.208483E-05, -4.980709
7.21043E-05, -4.980709
7.212377E-05, -4.980709
7.214324E-05, -4.980709
7.216271E-05, -4.980709
7.218219E-05, -4.980709
7.220166E-05, -4.980709
7.222113E-05, -4.980709
7.22406E-05, -4.980709
7.226007E-05, -4.980709
7.227954E-05, -4.980709
7.229902E-05, -4.980709
7.231849E-05, -4.980709
7.233796E-05, -5.019291
7.235743E-05, -5.019291
7.23769E-05, -5.019291
7.239637E-05, -5.019291
7.241585E-05, -5.019291
7.243532E-05, -5.019291
7.245479E-05, -5.019291
7.247426E-05, -5.019291
7.249373E-05, -5.019291
7.251321E-05, -5.019291
7.253268E-05, -5.019291
7.255215E-05, -5.019291
7.257162E-05, -5.019291
7.259109E-05, -5.019291
7.261056E-05, -5.019291
7.263004E-05, -5.019291
7.264951E-05, -5.019291
7.266898E-05, -5.019291
7.268845E-05, -5.019291
7.270792E-05, -5.019291
7.27274E-05, -5.019291
7.274687E-05, -5.019291
7.276634E-05, -5.019291
7.278581E-05, -5.019291
7.280528E-05, -5.019291
7.282476E-05, -5.019291
7.284423E-05, -5.019291
7.28637E-05, -5.019291
7.288317E-05, -5.019291
7.290264E-05, -5.019291
7.292212E-05, -5.019291
7.294159E-05, -5.019291
7.296106E-05, -5.019291
7.298053E-05, -5.019291
7.3E-05, -5.019291
7.301948E-05, -5.019291
7.303895E-05, -5.019291
7.305842E-05, -5.019291
7.307789E-05, -5.019291
7.309736E-05, -5.019291
7.311683E-05, -5.019291
7.313631E-05, -5.019291
7.315578E-05, -5.019291
7.317525E-05, -5.019291
7.319472E-05, -5.019291
7.321419E-05, -5.019291
7.323367E-05, -5.019291
7.325314E-05, -5.019291
7.327261E-05, -5.019291
7.329208E-05, -5.019291
7.331155E-05, -5.019291
7.333103E-05, -5.019291
7.33505E-05, -5.019291
7.336997E-05, -5.019291
7.338944E-05, -5.019291
7.340891E-05, -5.019291
7.342839E-05, -5.019291
7.344786E-05, -5.019291
7.346733E-05, -5.019291
7.34868E-05, -5.019291
7.350627E-05, -5.019291
7.352575E-05, -5.019291
7.354522E-05, -5.019291
7.356469E-05, -5.019291
7.358416E-05, -5.019291
7.360363E-05, -5.019291
7.36231E-05, -5.019291
7.364258E-05, -5.019291
7.366205E-05, -5.019291
7.368152E-05, -5.019291
7.370099E-05, -5.019291
7.372046E-05, -5.019291
7.373994E-05, -5.019291
7.375941E-05, -5.019291
7.377888E-05, -5.019291
7.379835E-05, -5.019291
7.381782E-05, -5.019291
7.38373E-05, -5.019291
7.385677E-05, -5.019291
7.387624E-05, -5.019291
7.389571E-05, -5.019291
7.391518E-05, -5.019291
7.393466E-05, -5.019291
7.395413E-05, -5.019291
7.39736E-05, -5.019291
7.399307E-05, -5.019291
7.401254E-05, -5.019291
7.403202E-05, -5.019291
7.405149E-05, -5.019291
7.407096E-05, -5.019291
7.409043E-05, -5.019291
7.41099E-05, -5.019291
7.412937E-05, -5.019291
7.414885E-05, -5.019291
7.416832E-05, -5.019291
7.418779E-05, -5.019291
7.420726E-05, -5.019291
7.422673E-05, -5.019291
7.424621E-05, -4.980709
7.426568E-05, -4.980709
7.428515E-05, -4.980709
7.430462E-05, -4.980709
7.432409E-05, -4.980709
7.434357E-05, -4.980709
7.436304E-05, -4.980709
7.438251E-05, -4.980709
7.440198E-05, -4.980709
7.442145E-05, -4.980709
7.444093E-05, -4.980709
7.44604E-05, -4.980709
7.447987E-05, -4.980709
7.449934E-05, -4.980709
7.451881E-05, -4.980709
7.453829E-05, -4.980709
7.455776E-05, -4.980709
7.457723E-05, -4.980709
7.45967E-05, -4.980709
7.461617E-05, -4.980709
7.463564E-05, -4.980709
7.465512E-05, -4.980709
7.467459E-05, -4.980709
7.469406E-05, -4.980709
7.471353E-05, -4.980709
7.4733E-05, -5.019291
7.475248E-05, -5.019291
7.477195E-05, -5.019291
7.479142E-05, -5.019291
7.481089E-05, -5.019291
7.483036E-05, -5.019291
7.484984E-05, -5.019291
7.486931E-05, -5.019291
7.488878E-05, -5.019291
7.490825E-05, -5.019291
7.492772E-05, -5.019291
7.494719E-05, -5.019291
7.496667E-05, -5.019291
7.498614E-05, -5.019291
7.500561E-05, -5.019291
7.502508E-05, -5.019291
7.504455E-05, -5.019291
7.506402E-05, -5.019291
7.50835E-05, -5.019291
7.510297E-05, -5.019291
7.512244E-05, -5.019291
7.514191E-05, -5.019291
7.516138E-05, -5.019291
7.518085E-05, -5.019291
7.520033E-05, -5.019291
7.52198E-05, -5.019291
7.523927E-05, -5.019291
7.525874E-05, -5.019291
7.527821E-05, -5.019291
7.529768E-05, -5.019291
7.531716E-05, -5.019291
7.533663E-05, -5.019291
7.53561E-05, -5.019291
7.537557E-05, -5.019291
7.539504E-05, -5.019291
7.541451E-05, -5.019291
7.543399E-05, -5.019291
7.545346E-05, -5.019291
7.547293E-05, -5.019291
7.54924E-05, -5.019291
7.551187E-05, -5.019291
7.553134E-05, -5.019291
7.555082E-05, -5.019291
7.557029E-05, -5.019291
7.558976E-05, -5.019291
7.560923E-05, -5.019291
7.56287E-05, -5.019291
7.564817E-05, -5.019291
7.566765E-05, -5.019291
7.568712E-05, -5.019291
7.570659E-05, -5.019291
7.572606E-05, -5.019291
7.574553E-05, -5.019291
7.576501E-05, -5.019291
7.578448E-05, -5.019291
7.580395E-05, -5.019291
7.582342E-05, -5.019291
7.584289E-05, -5.019291
7.586237E-05, -5.019291
7.588184E-05, -5.019291
7.590131E-05, -5.019291
7.592078E-05, -5.019291
7.594025E-05, -5.019291
7.595973E-05, -5.019291
7.59792E-05, -5.019291
7.599867E-05, -5.019291
7.601814E-05, -5.019291
7.603761E-05, -5.019291
7.605708E-05, -5.019291
7.607656E-05, -5.019291
7.609603E-05, -5.019291
7.61155E-05, -5.019291
7.613497E-05, -5.019291
7.615444E-05, -5.019291
7.617392E-05, -5.019291
7.619339E-05, -5.019291
7.621286E-05, -5.019291
7.623233E-05, -5.019291
7.62518E-05, -5.019291
7.627128E-05, -5.019291
7.629075E-05, -5.019291
7.631022E-05, -5.019291
7.632969E-05, -5.019291
7.634916E-05, -5.019291
7.636864E-05, -5.019291
7.638811E-05, -5.019291
7.640758E-05, -5.019291
7.642705E-05, -5.019291
7.644652E-05, -5.019291
7.6466E-05, -5.019291
7.648547E-05, -5.019291
7.650494E-05, -5.019291
7.652441E-05, -5.019291
7.654388E-05, -5.019291
7.656335E-05, -5.019291
7.658283E-05, -5.019291
7.66023E-05, -5.019291
7.662177E-05, -5.019291
7.664124E-05, -5.019291
